Date,Portfolio_Return,Actual_Loss,Model,Confidence_Level,Forecast_VaR,Forecast_ES,Loss_Minus_VaR,Loss_to_VaR_Ratio,Period
2019-01-03,-0.0140768248415361,0.0140768248415361,Historical,0.95,0.013690521447135489,0.018113190174040603,0.00038630339440061043,1.0282168503144515,Other
2019-01-03,-0.0140768248415361,0.0140768248415361,Monte Carlo Normal,0.95,0.012581220827439682,0.01569886803486571,0.0014956040140964178,1.1188759051772226,Other
2019-01-03,-0.0140768248415361,0.0140768248415361,Parametric Normal,0.95,0.012626111043223918,0.0158121005775895,0.0014507137983121813,1.114897912219039,Other
2019-05-13,-0.0156247744896159,0.0156247744896159,Historical,0.95,0.011399927118840933,0.01554863203340163,0.004224847370774967,1.3706030158554663,Other
2019-05-13,-0.0156247744896159,0.0156247744896159,Monte Carlo Normal,0.95,0.01049421789788768,0.013234195237122836,0.00513055659172822,1.4888936595037654,Other
2019-05-13,-0.0156247744896159,0.0156247744896159,Monte Carlo Normal,0.99,0.014983933065701102,0.017132026230700613,0.000640841423914797,1.0427685722503468,Other
2019-05-13,-0.0156247744896159,0.0156247744896159,Parametric Normal,0.95,0.010569862902887984,0.013331003582320143,0.005054911586727915,1.4782381411349026,Other
2019-05-13,-0.0156247744896159,0.0156247744896159,Parametric Normal,0.99,0.015073058180143522,0.01731222797037837,0.0005517163094723773,1.0366028116443669,Other
2019-08-05,-0.0153078873767617,0.0153078873767617,Historical,0.95,0.01164293642472413,0.01586793865295021,0.0036649509520375687,1.3147789198826967,Other
2019-08-05,-0.0153078873767617,0.0153078873767617,Monte Carlo Normal,0.95,0.010715341565076263,0.013582457070418948,0.004592545811685436,1.428595372699419,Other
2019-08-05,-0.0153078873767617,0.0153078873767617,Parametric Normal,0.95,0.010831075045268342,0.013686222322555593,0.004476812331493357,1.4133303769738994,Other
2019-08-14,-0.0137660831340058,0.0137660831340058,Historical,0.95,0.01179522305000401,0.016139212279308642,0.0019708600840017895,1.1670896833104922,Other
2019-08-14,-0.0137660831340058,0.0137660831340058,Monte Carlo Normal,0.95,0.010968656051009029,0.013920877982689265,0.002797427082996771,1.255038271779835,Other
2019-08-14,-0.0137660831340058,0.0137660831340058,Parametric Normal,0.95,0.011091468173886735,0.014028579425917514,0.0026746149601190646,1.2411416521408825,Other
2019-08-23,-0.0119609461706582,0.0119609461706582,Monte Carlo Normal,0.95,0.011091593508897948,0.014051306324689547,0.0008693526617602511,1.078379419608448,Other
2019-08-23,-0.0119609461706582,0.0119609461706582,Parametric Normal,0.95,0.01119932833349154,0.014160960246864342,0.0007616178371666598,1.0680056709194823,Other
2020-01-27,-0.0074410579755948,0.0074410579755948,Historical,0.95,0.006705406636070559,0.010104781315422454,0.0007356513395242415,1.1097101756017203,Other
2020-01-27,-0.0074410579755948,0.0074410579755948,Monte Carlo Normal,0.95,0.006899334018402954,0.008885567444937934,0.0005417239571918466,1.0785182969467602,Other
2020-01-27,-0.0074410579755948,0.0074410579755948,Parametric Normal,0.95,0.006959453403089697,0.008980231584608636,0.0004816045725051033,1.0692014939407872,Other
2020-01-31,-0.0085330952046071,0.0085330952046071,Historical,0.95,0.007039503024976581,0.01015926098610596,0.001493592179630519,1.2121729579959215,Other
2020-01-31,-0.0085330952046071,0.0085330952046071,Monte Carlo Normal,0.95,0.006869065044482729,0.008828109158191108,0.0016640301601243707,1.2422498767078831,Other
2020-01-31,-0.0085330952046071,0.0085330952046071,Parametric Normal,0.95,0.006926915924092585,0.0089228820639491,0.0016061792805145145,1.2318750939257173,Other
2020-02-24,-0.0185735228008234,0.0185735228008234,Historical,0.95,0.00729818387953316,0.010254851105417354,0.01127533892129024,2.544951334113479,COVID-19 sell-off
2020-02-24,-0.0185735228008234,0.0185735228008234,Historical,0.99,0.01288156602196546,0.014899581666794467,0.00569195677885794,1.4418683853463234,COVID-19 sell-off
2020-02-24,-0.0185735228008234,0.0185735228008234,Monte Carlo Normal,0.95,0.006874624231969017,0.008838724116910468,0.011698898568854383,2.7017509865413554,COVID-19 sell-off
2020-02-24,-0.0185735228008234,0.0185735228008234,Monte Carlo Normal,0.99,0.010017250502424593,0.01162326541712516,0.008556272298398806,1.8541537716689656,COVID-19 sell-off
2020-02-24,-0.0185735228008234,0.0185735228008234,Parametric Normal,0.95,0.006932069974406901,0.008932294932526964,0.011641452826416498,2.6793617013960573,COVID-19 sell-off
2020-02-24,-0.0185735228008234,0.0185735228008234,Parametric Normal,0.99,0.010194273762845287,0.011816372677710177,0.008379249037978112,1.8219564466198335,COVID-19 sell-off
2020-02-25,-0.0205351345364512,0.0205351345364512,Historical,0.95,0.007379621806475728,0.011121696462762983,0.013155512729975472,2.782681155615768,COVID-19 sell-off
2020-02-25,-0.0205351345364512,0.0205351345364512,Historical,0.99,0.014552403297811295,0.016502061555733666,0.0059827312386399045,1.4111163713789954,COVID-19 sell-off
2020-02-25,-0.0205351345364512,0.0205351345364512,Monte Carlo Normal,0.95,0.007228517351982629,0.0092379631586963,0.01330661718446857,2.8408501407026225,COVID-19 sell-off
2020-02-25,-0.0205351345364512,0.0205351345364512,Monte Carlo Normal,0.99,0.01041446037792474,0.012116539562280128,0.010120674158526459,1.971790548070929,COVID-19 sell-off
2020-02-25,-0.0205351345364512,0.0205351345364512,Parametric Normal,0.95,0.00726866008722586,0.009334284772645748,0.01326647444922534,2.8251609361318466,COVID-19 sell-off
2020-02-25,-0.0205351345364512,0.0205351345364512,Parametric Normal,0.99,0.010637525497545437,0.01231266086026328,0.009897609038905762,1.9304428028106342,COVID-19 sell-off
2020-02-27,-0.0282842755014075,0.0282842755014075,Historical,0.95,0.007806258641606673,0.0121289331212904,0.020478016859800826,3.6232818818806227,COVID-19 sell-off
2020-02-27,-0.0282842755014075,0.0282842755014075,Historical,0.99,0.015469499804317338,0.018244477275630167,0.012814775697090162,1.8283897901801405,COVID-19 sell-off
2020-02-27,-0.0282842755014075,0.0282842755014075,Monte Carlo Normal,0.95,0.00755634511881909,0.009641760174898774,0.02072793038258841,3.743115892227509,COVID-19 sell-off
2020-02-27,-0.0282842755014075,0.0282842755014075,Monte Carlo Normal,0.99,0.010869877280736929,0.012628482426773528,0.01741439822067057,2.6020786408997942,COVID-19 sell-off
2020-02-27,-0.0282842755014075,0.0282842755014075,Parametric Normal,0.95,0.007606253860309876,0.009742786309910299,0.020678021641097624,3.7185552863279283,COVID-19 sell-off
2020-02-27,-0.0282842755014075,0.0282842755014075,Parametric Normal,0.99,0.011090764051482925,0.012823402649957232,0.017193511449924575,2.5502549121154248,COVID-19 sell-off
2020-03-03,-0.0116495225541495,0.0116495225541495,Historical,0.95,0.008153133933350218,0.013681180530127476,0.0034963886207992814,1.4288398362373735,COVID-19 sell-off
2020-03-03,-0.0116495225541495,0.0116495225541495,Monte Carlo Normal,0.95,0.008604745473229623,0.010923719053428439,0.003044777080919877,1.353848593243407,COVID-19 sell-off
2020-03-03,-0.0116495225541495,0.0116495225541495,Parametric Normal,0.95,0.00863466306429244,0.011031442070582737,0.0030148594898570594,1.3491577456362636,COVID-19 sell-off
2020-03-05,-0.0126736913380171,0.0126736913380171,Historical,0.95,0.008379812880236055,0.0139471078175916,0.004293878457781045,1.5124074390620628,COVID-19 sell-off
2020-03-05,-0.0126736913380171,0.0126736913380171,Monte Carlo Normal,0.95,0.008916544903941245,0.011329530091545496,0.0037571464340758545,1.4213679709519704,COVID-19 sell-off
2020-03-05,-0.0126736913380171,0.0126736913380171,Parametric Normal,0.95,0.008943122784661356,0.011440838240193686,0.0037305685533557432,1.4171438370223615,COVID-19 sell-off
2020-03-09,-0.0429355671361069,0.0429355671361069,Historical,0.95,0.008625153122655568,0.014265615212469293,0.03431041401345133,4.977948394136755,COVID-19 sell-off
2020-03-09,-0.0429355671361069,0.0429355671361069,Historical,0.99,0.0171286361283317,0.022464310946227365,0.0258069310077752,2.5066541675836715,COVID-19 sell-off
2020-03-09,-0.0429355671361069,0.0429355671361069,Monte Carlo Normal,0.95,0.009063076474895916,0.011497950415493627,0.03387249066121098,4.73741640104609,COVID-19 sell-off
2020-03-09,-0.0429355671361069,0.0429355671361069,Monte Carlo Normal,0.99,0.013002553717220151,0.015037196121288563,0.029933013418886746,3.302087272229028,COVID-19 sell-off
2020-03-09,-0.0429355671361069,0.0429355671361069,Parametric Normal,0.95,0.00909750644744415,0.011610034901686238,0.03383806068866275,4.719487409450443,COVID-19 sell-off
2020-03-09,-0.0429355671361069,0.0429355671361069,Parametric Normal,0.99,0.013195235459730472,0.015232791116982006,0.029740331676376425,3.253868964077122,COVID-19 sell-off
2020-03-11,-0.0382816650583573,0.0382816650583573,Historical,0.95,0.008934026395041098,0.01689908397390655,0.0293476386633162,4.284928582660763,COVID-19 sell-off
2020-03-11,-0.0382816650583573,0.0382816650583573,Historical,0.99,0.019573944785993558,0.030584992391321866,0.01870772027236374,1.9557460428595028,COVID-19 sell-off
2020-03-11,-0.0382816650583573,0.0382816650583573,Monte Carlo Normal,0.95,0.010348735491022179,0.013092732404294687,0.02793292956733512,3.699163544335221,COVID-19 sell-off
2020-03-11,-0.0382816650583573,0.0382816650583573,Monte Carlo Normal,0.99,0.014808856389885307,0.017044732304848143,0.02347280866847199,2.5850520830564814,COVID-19 sell-off
2020-03-11,-0.0382816650583573,0.0382816650583573,Parametric Normal,0.95,0.010405733885370394,0.013217648113240311,0.027875931172986902,3.6789010251528893,COVID-19 sell-off
2020-03-11,-0.0382816650583573,0.0382816650583573,Parametric Normal,0.99,0.014991736679547325,0.017272081697343646,0.02328992837880997,2.5535177062296968,COVID-19 sell-off
2020-03-12,-0.0659376687377238,0.0659376687377238,Historical,0.95,0.009342812522395204,0.0191418954905353,0.0565948562153286,7.057582347892329,COVID-19 sell-off
2020-03-12,-0.0659376687377238,0.0659376687377238,Historical,0.99,0.024487196428578842,0.03650050256529056,0.04145047230914496,2.692740629987694,COVID-19 sell-off
2020-03-12,-0.0659376687377238,0.0659376687377238,Monte Carlo Normal,0.95,0.011196103510950088,0.014106120947291892,0.05474156522677372,5.889340757990938,COVID-19 sell-off
2020-03-12,-0.0659376687377238,0.0659376687377238,Monte Carlo Normal,0.99,0.015812935973642764,0.018304095314289556,0.05012473276408104,4.169856176463984,COVID-19 sell-off
2020-03-12,-0.0659376687377238,0.0659376687377238,Parametric Normal,0.95,0.011252782518215694,0.01424489950488669,0.05468488621950811,5.8596768071350995,COVID-19 sell-off
2020-03-12,-0.0659376687377238,0.0659376687377238,Parametric Normal,0.99,0.0161326813164703,0.01855916324667752,0.0498049874212535,4.0872107645494875,COVID-19 sell-off
2020-03-16,-0.0624805293070208,0.0624805293070208,Historical,0.95,0.009636271364621037,0.0234816447475053,0.05284425794239976,6.483890598641102,COVID-19 sell-off
2020-03-16,-0.0624805293070208,0.0624805293070208,Historical,0.99,0.033382944175451804,0.04905163364406267,0.029097585131568994,1.8716302845740593,COVID-19 sell-off
2020-03-16,-0.0624805293070208,0.0624805293070208,Monte Carlo Normal,0.95,0.013979392580028012,0.017549873182504682,0.048501136726992786,4.469473830807575,COVID-19 sell-off
2020-03-16,-0.0624805293070208,0.0624805293070208,Monte Carlo Normal,0.99,0.01972355350236861,0.022692787272242772,0.04275697580465219,3.1678130058824077,COVID-19 sell-off
2020-03-16,-0.0624805293070208,0.0624805293070208,Parametric Normal,0.95,0.014044830078187234,0.017717801204879154,0.04843569922883356,4.448649713751835,COVID-19 sell-off
2020-03-16,-0.0624805293070208,0.0624805293070208,Parametric Normal,0.99,0.020035146455191447,0.02301377266158408,0.04244538285182935,3.118546173184126,COVID-19 sell-off
2020-03-18,-0.0421279035830936,0.0421279035830936,Historical,0.95,0.010786026702352961,0.027539328318546087,0.03134187688074064,3.9057852113330522,COVID-19 sell-off
2020-03-18,-0.0421279035830936,0.0421279035830936,Historical,0.99,0.04065515511800955,0.057117921726950495,0.0014727484650840506,1.036225380540527,COVID-19 sell-off
2020-03-18,-0.0421279035830936,0.0421279035830936,Monte Carlo Normal,0.95,0.015755603464445614,0.019811796375918376,0.02637230011864799,2.673836243604392,COVID-19 sell-off
2020-03-18,-0.0421279035830936,0.0421279035830936,Monte Carlo Normal,0.99,0.022220080953503293,0.02555750776599849,0.01990782262959031,1.895938348345737,COVID-19 sell-off
2020-03-18,-0.0421279035830936,0.0421279035830936,Parametric Normal,0.95,0.01588795089936237,0.019991562439322066,0.026239952683731232,2.6515630523999363,COVID-19 sell-off
2020-03-18,-0.0421279035830936,0.0421279035830936,Parametric Normal,0.99,0.02258060667169998,0.02590846427040319,0.019547296911393622,1.8656674816399876,COVID-19 sell-off
2020-03-27,-0.0161430173491694,0.0161430173491694,Historical,0.95,0.01182080554322928,0.0298838191669264,0.004322211805940121,1.365644438539622,COVID-19 sell-off
2020-03-31,-0.0144974844720141,0.0144974844720141,Historical,0.95,0.012352956012705583,0.030205516949888798,0.0021445284593085163,1.1736044762972337,COVID-19 sell-off
2020-04-01,-0.024403715599262,0.024403715599262,Historical,0.95,0.013274506825810866,0.030345808729427028,0.011129208773451135,1.8383896230187304,COVID-19 sell-off
2020-04-01,-0.024403715599262,0.024403715599262,Monte Carlo Normal,0.95,0.018036292532409733,0.022628641440803905,0.006367423066852267,1.3530339206580584,COVID-19 sell-off
2020-04-01,-0.024403715599262,0.024403715599262,Parametric Normal,0.95,0.018132424411281427,0.02284372973234313,0.006271291187980574,1.345860600090453,COVID-19 sell-off
2020-04-21,-0.0198756547675899,0.0198756547675899,Historical,0.95,0.014168353869910352,0.03116408814983135,0.005707300897679549,1.4028203240886206,COVID-19 sell-off
2020-04-21,-0.0198756547675899,0.0198756547675899,Monte Carlo Normal,0.95,0.019026918755022267,0.02387992775465555,0.0008487360125676337,1.044607118130654,COVID-19 sell-off
2020-04-21,-0.0198756547675899,0.0198756547675899,Parametric Normal,0.95,0.019079496840756698,0.02410201129248039,0.0007961579268332027,1.0417284550781492,COVID-19 sell-off
2020-05-01,-0.0149973135676546,0.0149973135676546,Historical,0.95,0.014943206069625266,0.031577793557183334,5.4107498029334206e-05,1.0036208761210432,Other
2020-06-11,-0.03274875832671,0.03274875832671,Historical,0.95,0.014772390474616367,0.03152952733241709,0.017976367852093635,2.2168895672628417,Other
2020-06-11,-0.03274875832671,0.03274875832671,Monte Carlo Normal,0.95,0.01908183324700247,0.02410076155475084,0.013666925079707532,1.7162270470975027,Other
2020-06-11,-0.03274875832671,0.03274875832671,Monte Carlo Normal,0.99,0.027236124802398624,0.03127536964500079,0.0055126335243113785,1.2024015370874601,Other
2020-06-11,-0.03274875832671,0.03274875832671,Parametric Normal,0.95,0.019197565491473643,0.024325037516552725,0.01355119283523636,1.7058807972945815,Other
2020-06-11,-0.03274875832671,0.03274875832671,Parametric Normal,0.99,0.027560054219264427,0.03171821991663575,0.005188704107445576,1.1882690094208408,Other
2020-08-11,-0.018468431571818,0.018468431571818,Historical,0.95,0.014772390474616367,0.032871132790105416,0.0036960410972016328,1.2501992553982781,Other
2020-09-03,-0.0270879833152641,0.0270879833152641,Historical,0.95,0.01562745064748772,0.03313814186734875,0.011460532667776378,1.7333590696457442,Other
2020-09-03,-0.0270879833152641,0.0270879833152641,Monte Carlo Normal,0.95,0.019268226942498634,0.024421914371344434,0.007819756372765465,1.4058368419731424,Other
2020-09-03,-0.0270879833152641,0.0270879833152641,Parametric Normal,0.95,0.01940172329112146,0.024641213899882518,0.00768626002414264,1.3961637793102635,Other
2020-09-08,-0.0220050751628223,0.0220050751628223,Historical,0.95,0.01742199517162609,0.03398006232627911,0.004583079991196209,1.2630628665688262,Other
2020-09-08,-0.0220050751628223,0.0220050751628223,Monte Carlo Normal,0.95,0.01956541713358517,0.02480716564124493,0.002439658029237131,1.1246923596149307,Other
2020-09-08,-0.0220050751628223,0.0220050751628223,Parametric Normal,0.95,0.019731391241883865,0.025027160840399767,0.002273683920938435,1.115231809712033,Other
2020-09-23,-0.0198832669887648,0.0198832669887648,Historical,0.95,0.018526231747770967,0.03425211183327945,0.001357035240993832,1.0732493935879381,Other
2020-10-28,-0.0256528953197381,0.0256528953197381,Historical,0.95,0.019289695382544953,0.03435286138619801,0.006363199937193146,1.3298756051353273,Other
2020-10-28,-0.0256528953197381,0.0256528953197381,Monte Carlo Normal,0.95,0.020285757051255324,0.025698617119324633,0.005367138268482775,1.2645766808170782,Other
2020-10-28,-0.0256528953197381,0.0256528953197381,Parametric Normal,0.95,0.020461426942380234,0.02591706248854726,0.005191468377357865,1.2537197621640532,Other
2021-02-25,-0.0244425192985566,0.0244425192985566,Historical,0.95,0.017891869749788653,0.03399147037494397,0.006550649548767946,1.3661243704753288,Other
2021-02-25,-0.0244425192985566,0.0244425192985566,Monte Carlo Normal,0.95,0.02058917956499786,0.026185980220663384,0.003853339733558739,1.187153631906223,Other
2021-02-25,-0.0244425192985566,0.0244425192985566,Parametric Normal,0.95,0.020816404917423904,0.026388816414019467,0.0036261143811326946,1.1741950349023782,Other
2021-03-18,-0.0163742848455136,0.0163742848455136,Historical,0.95,0.014787616050063752,0.021482440978135123,0.0015866687954498478,1.1072971322813732,Other
2021-03-18,-0.0163742848455136,0.0163742848455136,Monte Carlo Normal,0.95,0.015661097967074298,0.019965490362851918,0.0007131868784393015,1.0455387534091605,Other
2021-03-18,-0.0163742848455136,0.0163742848455136,Parametric Normal,0.95,0.015711092406968205,0.02010376835648124,0.0006631924385453944,1.04221173304609,Other
2021-05-12,-0.0185605262877771,0.0185605262877771,Historical,0.95,0.012539520529787723,0.02008359024603754,0.006021005757989379,1.4801623589742874,Other
2021-05-12,-0.0185605262877771,0.0185605262877771,Monte Carlo Normal,0.95,0.012604897026418187,0.01597090570092387,0.005955629261358914,1.4724853561974134,Other
2021-05-12,-0.0185605262877771,0.0185605262877771,Monte Carlo Normal,0.99,0.018220704942131308,0.020801608641186426,0.0003398213456457938,1.0186502853059232,Other
2021-05-12,-0.0185605262877771,0.0185605262877771,Parametric Normal,0.95,0.012609578315339948,0.016068535074978137,0.005950947972437153,1.4719386979973499,Other
2021-05-12,-0.0185605262877771,0.0185605262877771,Parametric Normal,0.99,0.01825085471254155,0.021055924204148653,0.0003096715752355511,1.0169675108433553,Other
2021-09-28,-0.0197079122801685,0.0197079122801685,Historical,0.95,0.011358147823479717,0.015764708827419913,0.008349764456688783,1.7351343358490225,Other
2021-09-28,-0.0197079122801685,0.0197079122801685,Historical,0.99,0.017887588115191862,0.022885313635357268,0.0018203241649766382,1.1017646511790287,Other
2021-09-28,-0.0197079122801685,0.0197079122801685,Monte Carlo Normal,0.95,0.010659200844158088,0.013501008805338744,0.009048711436010413,1.8489108675506079,Other
2021-09-28,-0.0197079122801685,0.0197079122801685,Monte Carlo Normal,0.99,0.01537809016038496,0.017561105808811612,0.004329822119783541,1.281557857615991,Other
2021-09-28,-0.0197079122801685,0.0197079122801685,Parametric Normal,0.95,0.010697997034697985,0.013591531178164864,0.009009915245470516,1.8422058088301643,Other
2021-09-28,-0.0197079122801685,0.0197079122801685,Parametric Normal,0.99,0.015417115255113106,0.017763650616142435,0.004290797025055394,1.2783138709190325,Other
2021-11-10,-0.0089199632773273,0.0089199632773273,Historical,0.95,0.00858556091771321,0.014963901784457168,0.0003344023596140895,1.0389493898906677,Other
2021-11-22,-0.0097370115557034,0.0097370115557034,Historical,0.95,0.008880706613259308,0.014970612325323492,0.000856304942444092,1.0964230640347457,Other
2021-11-22,-0.0097370115557034,0.0097370115557034,Monte Carlo Normal,0.95,0.009450905623393761,0.012014029663686853,0.00028610593230963925,1.0302728588889347,Other
2021-11-22,-0.0097370115557034,0.0097370115557034,Parametric Normal,0.95,0.009492544699456422,0.012102164838174407,0.0002444668562469783,1.0257535638742874,Other
2021-11-30,-0.0094224057953412,0.0094224057953412,Historical,0.95,0.00936933983043414,0.015033462192890883,5.306596490705848e-05,1.0056637891108064,Other
2022-01-05,-0.0168979292041667,0.0168979292041667,Historical,0.95,0.009196306662234937,0.014798821452899413,0.007701622541931763,1.8374690867540158,2022 tightening
2022-01-05,-0.0168979292041667,0.0168979292041667,Monte Carlo Normal,0.95,0.010059215085114011,0.012745673425884872,0.006838714119052689,1.6798456998074198,2022 tightening
2022-01-05,-0.0168979292041667,0.0168979292041667,Monte Carlo Normal,0.99,0.014488778603759446,0.016576061775144618,0.002409150600407254,1.1662769972744387,2022 tightening
2022-01-05,-0.0168979292041667,0.0168979292041667,Parametric Normal,0.95,0.01012002882167993,0.01284397767214943,0.00677790038248677,1.669751094776194,2022 tightening
2022-01-05,-0.0168979292041667,0.0168979292041667,Parametric Normal,0.99,0.014562567258889351,0.016771576028906318,0.002335361945277349,1.1603674615718451,2022 tightening
2022-01-13,-0.010498762201459,0.010498762201459,Historical,0.95,0.009595438963540405,0.015373861715116758,0.0009033232379185956,1.09414089770681,2022 tightening
2022-01-13,-0.010498762201459,0.010498762201459,Monte Carlo Normal,0.95,0.010194579094256116,0.012926229131434245,0.000304183107202885,1.02983773085583,2022 tightening
2022-01-13,-0.010498762201459,0.010498762201459,Parametric Normal,0.95,0.010263438500518885,0.013025897895027214,0.0002353237009401158,1.022928349103297,2022 tightening
2022-01-18,-0.0163700014587194,0.0163700014587194,Historical,0.95,0.009998868668393203,0.01543245791863642,0.006371132790326198,1.6371853658269948,2022 tightening
2022-01-18,-0.0163700014587194,0.0163700014587194,Monte Carlo Normal,0.95,0.010290979246511277,0.012989799775972578,0.006079022212208124,1.590713679096084,2022 tightening
2022-01-18,-0.0163700014587194,0.0163700014587194,Monte Carlo Normal,0.99,0.014748947002159373,0.016846481959619408,0.0016210544565600279,1.109909843483924,2022 tightening
2022-01-18,-0.0163700014587194,0.0163700014587194,Parametric Normal,0.95,0.01034279037810399,0.013089915995033815,0.006027211080615411,1.5827451645326975,2022 tightening
2022-01-18,-0.0163700014587194,0.0163700014587194,Parametric Normal,0.99,0.014823128231345935,0.01705093239113781,0.0015468732273734662,1.1043553832383606,2022 tightening
2022-01-21,-0.012892346532157,0.012892346532157,Historical,0.95,0.010370221139433365,0.015906064538771945,0.002522125392723635,1.243208448384298,2022 tightening
2022-01-21,-0.012892346532157,0.012892346532157,Monte Carlo Normal,0.95,0.010564396963209792,0.01330148349187645,0.002327949568947208,1.2203580173155388,2022 tightening
2022-01-21,-0.012892346532157,0.012892346532157,Parametric Normal,0.95,0.01061698756323684,0.013402628873763454,0.0022753589689201593,1.2143130483451807,2022 tightening
2022-01-25,-0.0105221901187781,0.0105221901187781,Historical,0.95,0.010370221139433365,0.015575692496751753,0.00015196897934473437,1.014654362457794,2022 tightening
2022-01-25,-0.0105221901187781,0.0105221901187781,Monte Carlo Normal,0.95,0.010471041620264205,0.013190678547167784,5.114849851389422e-05,1.0048847574452295,2022 tightening
2022-02-03,-0.0213124364147587,0.0213124364147587,Historical,0.95,0.010370221139433365,0.015267297960956272,0.010942215275325335,2.0551573711111066,2022 tightening
2022-02-03,-0.0213124364147587,0.0213124364147587,Historical,0.99,0.01774585371680799,0.0209036526221674,0.00356658269795071,1.2009811843863347,2022 tightening
2022-02-03,-0.0213124364147587,0.0213124364147587,Monte Carlo Normal,0.95,0.010550319944947362,0.013296063124759856,0.010762116469811338,2.0200748911852107,2022 tightening
2022-02-03,-0.0213124364147587,0.0213124364147587,Monte Carlo Normal,0.99,0.015085149648704638,0.01722471276613629,0.0062272867660540625,1.412809081187259,2022 tightening
2022-02-03,-0.0213124364147587,0.0213124364147587,Parametric Normal,0.95,0.010599202435358758,0.013397997347494675,0.010713233979399942,2.0107585023247387,2022 tightening
2022-02-03,-0.0213124364147587,0.0213124364147587,Parametric Normal,0.99,0.015163808695453144,0.017433514496030672,0.006148627719305556,1.4054804332337176,2022 tightening
2022-02-10,-0.0165923677189405,0.0165923677189405,Historical,0.95,0.010511647555984504,0.016099119054287018,0.006080720162955997,1.5784745094021073,2022 tightening
2022-02-10,-0.0165923677189405,0.0165923677189405,Monte Carlo Normal,0.95,0.010867087292113171,0.01370675959818411,0.00572528042682733,1.5268459038681388,2022 tightening
2022-02-10,-0.0165923677189405,0.0165923677189405,Monte Carlo Normal,0.99,0.015545894096612672,0.01774266348226121,0.001046473622327829,1.0673151132912868,2022 tightening
2022-02-10,-0.0165923677189405,0.0165923677189405,Parametric Normal,0.95,0.010938103852413845,0.013810540660289724,0.005654263866526656,1.516932728269796,2022 tightening
2022-02-10,-0.0165923677189405,0.0165923677189405,Parametric Normal,0.99,0.015622814038966816,0.01795224034182257,0.0009695536799736847,1.0620601178222693,2022 tightening
2022-02-17,-0.0124427153290532,0.0124427153290532,Historical,0.95,0.011228800412690018,0.016566055792761047,0.0012139149163631815,1.1081072662927822,2022 tightening
2022-02-17,-0.0124427153290532,0.0124427153290532,Monte Carlo Normal,0.95,0.011010814699818636,0.01386809387771493,0.0014319006292345636,1.1300449302137605,2022 tightening
2022-02-17,-0.0124427153290532,0.0124427153290532,Parametric Normal,0.95,0.011063632167777783,0.013974924388380551,0.0013790831612754163,1.1246501275857597,2022 tightening
2022-02-23,-0.0155795570215063,0.0155795570215063,Historical,0.95,0.011228800412690018,0.01564299394895309,0.004350756608816281,1.3874640610674098,2022 tightening
2022-02-23,-0.0155795570215063,0.0155795570215063,Monte Carlo Normal,0.95,0.0108145692969094,0.013622793603636494,0.0047649877245969,1.4406081827002248,2022 tightening
2022-02-23,-0.0155795570215063,0.0155795570215063,Monte Carlo Normal,0.99,0.0154382973193905,0.01764382521204288,0.000141259702115799,1.0091499534691806,2022 tightening
2022-02-23,-0.0155795570215063,0.0155795570215063,Parametric Normal,0.95,0.010867423050430262,0.01372756447037659,0.004712133971076038,1.4336017793003353,2022 tightening
2022-02-23,-0.0155795570215063,0.0155795570215063,Parametric Normal,0.99,0.015532080461958468,0.01785153571863894,4.74765595478311e-05,1.003056677414472,2022 tightening
2022-03-07,-0.0203084243493811,0.0203084243493811,Historical,0.95,0.010370221139433365,0.015353569271926206,0.009938203209947734,1.958340528743128,2022 tightening
2022-03-07,-0.0203084243493811,0.0203084243493811,Historical,0.99,0.01774585371680799,0.019860291660901433,0.0025625706325731086,1.1444039082856843,2022 tightening
2022-03-07,-0.0203084243493811,0.0203084243493811,Monte Carlo Normal,0.95,0.010453066522276927,0.013124061220282939,0.009855357827104172,1.9428197750488858,2022 tightening
2022-03-07,-0.0203084243493811,0.0203084243493811,Monte Carlo Normal,0.99,0.014855262201996719,0.016996509884415853,0.00545316214738438,1.3670862266336445,2022 tightening
2022-03-07,-0.0203084243493811,0.0203084243493811,Parametric Normal,0.95,0.01046523844393307,0.013231195296269036,0.009843185905448028,1.9405601179736462,2022 tightening
2022-03-07,-0.0203084243493811,0.0203084243493811,Parametric Normal,0.99,0.014976288506436033,0.01721936401178025,0.005332135842945066,1.3560385365608836,2022 tightening
2022-03-11,-0.0106553089232059,0.0106553089232059,Historical,0.95,0.010511647555984504,0.016108158667920213,0.00014366136722139544,1.01366687443203,2022 tightening
2022-03-14,-0.0146554431470138,0.0146554431470138,Historical,0.95,0.010595405461213387,0.01611839857595312,0.004060037685800412,1.3831885151222383,2022 tightening
2022-03-14,-0.0146554431470138,0.0146554431470138,Monte Carlo Normal,0.95,0.010893224253883598,0.013666887215935229,0.003762218893130201,1.3453723897944094,2022 tightening
2022-03-14,-0.0146554431470138,0.0146554431470138,Parametric Normal,0.95,0.010930307734488418,0.01377451409330601,0.003725135412525381,1.340807917124918,2022 tightening
2022-04-05,-0.0160617763641868,0.0160617763641868,Historical,0.95,0.010595405461213387,0.015986179983760833,0.005466370902973411,1.515918991772817,2022 tightening
2022-04-05,-0.0160617763641868,0.0160617763641868,Monte Carlo Normal,0.95,0.011026914321167272,0.013866447924406415,0.0050348620430195265,1.4565975481785147,2022 tightening
2022-04-05,-0.0160617763641868,0.0160617763641868,Monte Carlo Normal,0.99,0.015674346665862475,0.017960788508354867,0.0003874296983243236,1.0247174384096094,2022 tightening
2022-04-05,-0.0160617763641868,0.0160617763641868,Parametric Normal,0.95,0.01106844686161405,0.013977777065403095,0.0049933295025727485,1.4511319035997612,2022 tightening
2022-04-05,-0.0160617763641868,0.0160617763641868,Parametric Normal,0.99,0.015813327168246617,0.0181726724745792,0.00024844919594018203,1.015711380236227,2022 tightening
2022-04-11,-0.0151723291129959,0.0151723291129959,Historical,0.95,0.01132767003958362,0.016402062094605516,0.00384465907341228,1.3394042252270266,2022 tightening
2022-04-11,-0.0151723291129959,0.0151723291129959,Monte Carlo Normal,0.95,0.011321228781615494,0.014201744234556642,0.003851100331380407,1.3401662845674664,2022 tightening
2022-04-11,-0.0151723291129959,0.0151723291129959,Parametric Normal,0.95,0.011364256547071998,0.014314920115529288,0.0038080725659239024,1.33509209776728,2022 tightening
2022-04-14,-0.0152020972454684,0.0152020972454684,Historical,0.95,0.01217391043589842,0.016657981940063463,0.003028186809569981,1.2487439697798717,2022 tightening
2022-04-14,-0.0152020972454684,0.0152020972454684,Monte Carlo Normal,0.95,0.011441199308449987,0.014343484794426,0.0037608979370184134,1.3287153589082896,2022 tightening
2022-04-14,-0.0152020972454684,0.0152020972454684,Parametric Normal,0.95,0.01149015663488225,0.01445690571679574,0.0037119406105861497,1.3230539607543121,2022 tightening
2022-04-21,-0.013167507706933,0.013167507706933,Historical,0.95,0.012690012490760282,0.016870242087480017,0.00047749521617271827,1.0376276395724895,2022 tightening
2022-04-21,-0.013167507706933,0.013167507706933,Monte Carlo Normal,0.95,0.011565356785801815,0.014467705957692322,0.0016021509211311853,1.1385301768725424,2022 tightening
2022-04-21,-0.013167507706933,0.013167507706933,Parametric Normal,0.95,0.011599153006516047,0.01458295317553189,0.0015683547004169528,1.1352128642096453,2022 tightening
2022-04-22,-0.0202391496808495,0.0202391496808495,Historical,0.95,0.013043685178283795,0.016891408331693555,0.007195464502565705,1.5516435274400298,2022 tightening
2022-04-22,-0.0202391496808495,0.0202391496808495,Historical,0.99,0.019145693143896705,0.020442924348102767,0.0010934565369527943,1.057112402707727,2022 tightening
2022-04-22,-0.0202391496808495,0.0202391496808495,Monte Carlo Normal,0.95,0.011703395656768064,0.01462818412248257,0.008535754024081436,1.729339951789566,2022 tightening
2022-04-22,-0.0202391496808495,0.0202391496808495,Monte Carlo Normal,0.99,0.016476757872759148,0.018850503916374873,0.003762391808090352,1.2283453964150723,2022 tightening
2022-04-22,-0.0202391496808495,0.0202391496808495,Parametric Normal,0.95,0.011740660609123524,0.014744413788731066,0.008498489071725976,1.7238510127038256,2022 tightening
2022-04-22,-0.0202391496808495,0.0202391496808495,Parametric Normal,0.99,0.01663953708912663,0.019075455485896727,0.0035996125917228707,1.2163288901874016,2022 tightening
2022-04-26,-0.0187784930198678,0.0187784930198678,Historical,0.95,0.013985872198977414,0.017435380791225592,0.004792620820890384,1.34267586266381,2022 tightening
2022-04-26,-0.0187784930198678,0.0187784930198678,Monte Carlo Normal,0.95,0.011926105763140682,0.014914519904998593,0.006852387256727117,1.5745703914437343,2022 tightening
2022-04-26,-0.0187784930198678,0.0187784930198678,Monte Carlo Normal,0.99,0.016746134364267348,0.01921025878663122,0.0020323586556004504,1.121362853742358,2022 tightening
2022-04-26,-0.0187784930198678,0.0187784930198678,Parametric Normal,0.95,0.011980533013084476,0.015033309884135204,0.006797960006783323,1.5674171590995964,2022 tightening
2022-04-26,-0.0187784930198678,0.0187784930198678,Parametric Normal,0.99,0.01695936313595158,0.019435037699331758,0.0018191298839162172,1.1072640446067168,2022 tightening
2022-04-29,-0.0286435194753222,0.0286435194753222,Historical,0.95,0.014939730428303946,0.017752538473752823,0.013703789047018255,1.9172715071923823,2022 tightening
2022-04-29,-0.0286435194753222,0.0286435194753222,Historical,0.99,0.019978843354515805,0.0206200034816631,0.008664676120806396,1.4336925800485805,2022 tightening
2022-04-29,-0.0286435194753222,0.0286435194753222,Monte Carlo Normal,0.95,0.012256574830660652,0.015328423746591628,0.016386944644661547,2.3369921753072886,2022 tightening
2022-04-29,-0.0286435194753222,0.0286435194753222,Monte Carlo Normal,0.99,0.01725417729424524,0.019741905454584544,0.011389342181076963,1.660091871484109,2022 tightening
2022-04-29,-0.0286435194753222,0.0286435194753222,Parametric Normal,0.95,0.012314224339849125,0.015450666896578662,0.016329295135473078,2.3260514576327056,2022 tightening
2022-04-29,-0.0286435194753222,0.0286435194753222,Parametric Normal,0.99,0.017429506373125462,0.01997303031384696,0.011214013102196739,1.6433924668966882,2022 tightening
2022-05-05,-0.0328596934372352,0.0328596934372352,Historical,0.95,0.015188701585855774,0.01878878388623946,0.01767099185137943,2.1634300503892474,2022 tightening
2022-05-05,-0.0328596934372352,0.0328596934372352,Historical,0.99,0.020274479761800614,0.02342146007982067,0.012585213675434588,1.6207416329935398,2022 tightening
2022-05-05,-0.0328596934372352,0.0328596934372352,Monte Carlo Normal,0.95,0.012812764663433162,0.016020581079083666,0.020046928773802042,2.564606023789287,2022 tightening
2022-05-05,-0.0328596934372352,0.0328596934372352,Monte Carlo Normal,0.99,0.01805349970576071,0.020622526379057978,0.01480619373147449,1.8201287269941333,2022 tightening
2022-05-05,-0.0328596934372352,0.0328596934372352,Parametric Normal,0.95,0.012879679006201005,0.016151647375756698,0.0199800144310342,2.551282017309181,2022 tightening
2022-05-05,-0.0328596934372352,0.0328596934372352,Parametric Normal,0.99,0.018215992588072855,0.02086942230365685,0.014643700849162347,1.8038925564094976,2022 tightening
2022-05-09,-0.0230010922427181,0.0230010922427181,Historical,0.95,0.015409700122289238,0.020147060516375367,0.007591392120428862,1.4926372388939844,2022 tightening
2022-05-09,-0.0230010922427181,0.0230010922427181,Historical,0.99,0.020820470502723665,0.027605216442438702,0.0021806217399944344,1.1047345082671967,2022 tightening
2022-05-09,-0.0230010922427181,0.0230010922427181,Monte Carlo Normal,0.95,0.013306647732511,0.01662125545853931,0.0096944445102071,1.7285414557508343,2022 tightening
2022-05-09,-0.0230010922427181,0.0230010922427181,Monte Carlo Normal,0.99,0.018742311559344336,0.021365780307864114,0.004258780683373764,1.227228144718919,2022 tightening
2022-05-09,-0.0230010922427181,0.0230010922427181,Parametric Normal,0.95,0.013381789690131261,0.016756850795258404,0.009619302552586839,1.718835281029774,2022 tightening
2022-05-09,-0.0230010922427181,0.0230010922427181,Parametric Normal,0.99,0.0188862391165122,0.02162327273565816,0.0041148531262059015,1.2178757295627107,2022 tightening
2022-05-18,-0.0240539732366028,0.0240539732366028,Historical,0.95,0.015409700122289238,0.020488642512909293,0.008644273114313561,1.5609630976406945,2022 tightening
2022-05-18,-0.0240539732366028,0.0240539732366028,Historical,0.99,0.02217365088701798,0.028168101718425168,0.0018803223495848197,1.0847998536265262,2022 tightening
2022-05-18,-0.0240539732366028,0.0240539732366028,Monte Carlo Normal,0.95,0.013481947162250586,0.016785908013253914,0.010572026074352214,1.784161660561455,2022 tightening
2022-05-18,-0.0240539732366028,0.0240539732366028,Monte Carlo Normal,0.99,0.01894090817411562,0.021561333106912252,0.005113065062487179,1.2699482525064254,2022 tightening
2022-05-18,-0.0240539732366028,0.0240539732366028,Parametric Normal,0.95,0.013527235147900942,0.016923063253193017,0.010526738088701857,1.7781884452814676,2022 tightening
2022-05-18,-0.0240539732366028,0.0240539732366028,Parametric Normal,0.99,0.019065553858002952,0.02181942864708622,0.004988419378599847,1.261645657700414,2022 tightening
2022-06-03,-0.0150222298441371,0.0150222298441371,Monte Carlo Normal,0.95,0.013994961783354472,0.017400108500062003,0.0010272680607826285,1.0734027056797293,2022 tightening
2022-06-03,-0.0150222298441371,0.0150222298441371,Parametric Normal,0.95,0.01401736347143792,0.01754501207130131,0.0010048663726991806,1.0716872595011693,2022 tightening
2022-06-09,-0.0160207355580188,0.0160207355580188,Historical,0.95,0.015844777659980564,0.021140520683301335,0.00017595789803823494,1.0111051036381946,2022 tightening
2022-06-09,-0.0160207355580188,0.0160207355580188,Monte Carlo Normal,0.95,0.01422743748680631,0.017654162425900406,0.0017932980712124895,1.1260450501276487,2022 tightening
2022-06-09,-0.0160207355580188,0.0160207355580188,Parametric Normal,0.95,0.014240976988284833,0.017801097976390887,0.001779758569733966,1.1249744712878942,2022 tightening
2022-06-10,-0.019644470415948,0.019644470415948,Historical,0.95,0.016043308001411197,0.021140520683301335,0.0036011624145368022,1.224465080033372,2022 tightening
2022-06-10,-0.019644470415948,0.019644470415948,Monte Carlo Normal,0.95,0.014392258113982207,0.017840665931737148,0.005252212301965792,1.3649331647869225,2022 tightening
2022-06-10,-0.019644470415948,0.019644470415948,Parametric Normal,0.95,0.014404039486823617,0.01798841073321399,0.005240430929124382,1.3638167566756654,2022 tightening
2022-06-13,-0.0370490499476112,0.0370490499476112,Historical,0.95,0.016231300166179723,0.021416112533436813,0.020817749781431475,2.2825682211711102,2022 tightening
2022-06-13,-0.0370490499476112,0.0370490499476112,Historical,0.99,0.02353806154959929,0.02851906204972007,0.01351098839801191,1.5740059932098325,2022 tightening
2022-06-13,-0.0370490499476112,0.0370490499476112,Monte Carlo Normal,0.95,0.014589803871666881,0.01808060534113715,0.022459246075944315,2.5393795744958396,2022 tightening
2022-06-13,-0.0370490499476112,0.0370490499476112,Monte Carlo Normal,0.99,0.020259174481687535,0.02316851184808187,0.016789875465923663,1.8287541765880044,2022 tightening
2022-06-13,-0.0370490499476112,0.0370490499476112,Parametric Normal,0.95,0.01460978767048035,0.01822969046110579,0.022439262277130848,2.5359061187775,2022 tightening
2022-06-13,-0.0370490499476112,0.0370490499476112,Parametric Normal,0.99,0.020513553919080555,0.023449143920971464,0.016535496028530643,1.8060766112862703,2022 tightening
2022-06-16,-0.0200506528675024,0.0200506528675024,Historical,0.95,0.016492302901841,0.02300680857104387,0.003558349965661397,1.2157582229019201,2022 tightening
2022-06-16,-0.0200506528675024,0.0200506528675024,Monte Carlo Normal,0.95,0.01520358501794607,0.0188959499767738,0.004847067849556328,1.3188108491408392,2022 tightening
2022-06-16,-0.0200506528675024,0.0200506528675024,Parametric Normal,0.95,0.01528060430110481,0.019055643393454384,0.004770048566397589,1.3121636076953258,2022 tightening
2022-08-22,-0.0165788294789294,0.0165788294789294,Monte Carlo Normal,0.95,0.01639146529779297,0.020377675348809028,0.00018736418113642767,1.0114305937713608,2022 tightening
2022-08-22,-0.0165788294789294,0.0165788294789294,Parametric Normal,0.95,0.016464466041694648,0.02055730876998319,0.00011436343723475115,1.0069460762921274,2022 tightening
2022-08-26,-0.0241020348734549,0.0241020348734549,Historical,0.95,0.016760426535814905,0.02327283050554863,0.007341608337639995,1.4380323091391445,2022 tightening
2022-08-26,-0.0241020348734549,0.0241020348734549,Monte Carlo Normal,0.95,0.01654716924794822,0.02055347693383108,0.007554865625506679,1.456565441031157,2022 tightening
2022-08-26,-0.0241020348734549,0.0241020348734549,Monte Carlo Normal,0.99,0.02301525111706108,0.0263238828577105,0.00108678375639382,1.0472201563591976,2022 tightening
2022-08-26,-0.0241020348734549,0.0241020348734549,Parametric Normal,0.95,0.016612154898817934,0.0207342842190212,0.007489879974636966,1.4508674533952197,2022 tightening
2022-08-26,-0.0241020348734549,0.0241020348734549,Parametric Normal,0.99,0.023335011660608657,0.026677886405816743,0.0007670232128462427,1.032870059119835,2022 tightening
2022-09-13,-0.0325884443868373,0.0325884443868373,Historical,0.95,0.017932239302802272,0.02382699248010926,0.014656205084035027,1.8173103669068649,2022 tightening
2022-09-13,-0.0325884443868373,0.0325884443868373,Historical,0.99,0.026418192020407183,0.03285075428672287,0.0061702523664301165,1.233560735786302,2022 tightening
2022-09-13,-0.0325884443868373,0.0325884443868373,Monte Carlo Normal,0.95,0.017028239761581243,0.021146056195879972,0.015560204625256056,1.9137882037791518,2022 tightening
2022-09-13,-0.0325884443868373,0.0325884443868373,Monte Carlo Normal,0.99,0.023684720680230257,0.02705863469864278,0.008903723706607043,1.375926903543305,2022 tightening
2022-09-13,-0.0325884443868373,0.0325884443868373,Parametric Normal,0.95,0.01710679963823682,0.021331634233103698,0.01548164474860048,1.9049994783358646,2022 tightening
2022-09-13,-0.0325884443868373,0.0325884443868373,Parametric Normal,0.99,0.023997160327393362,0.027423324761546897,0.008591284059443937,1.3580125290756495,2022 tightening
2022-10-07,-0.0242695309082892,0.0242695309082892,Historical,0.95,0.017932239302802272,0.024817802642160706,0.006337291605486926,1.3534021322421566,2022 tightening
2022-10-07,-0.0242695309082892,0.0242695309082892,Monte Carlo Normal,0.95,0.018109547296014453,0.022485790942754044,0.006159983612274746,1.3401511651056255,2022 tightening
2022-10-07,-0.0242695309082892,0.0242695309082892,Parametric Normal,0.95,0.018220556642378465,0.022686067506989725,0.006048974265910733,1.3319862496320043,2022 tightening
2022-10-14,-0.0201487060676277,0.0201487060676277,Historical,0.95,0.019254780587711896,0.025240190172039274,0.0008939254799158053,1.0464261576933416,2022 tightening
2022-10-14,-0.0201487060676277,0.0201487060676277,Monte Carlo Normal,0.95,0.018478720915996456,0.022893510259185283,0.0016699851516312446,1.090373417035894,2022 tightening
2022-10-14,-0.0201487060676277,0.0201487060676277,Parametric Normal,0.95,0.018583720499927996,0.02309579888810593,0.0015649855676997046,1.0842127155165602,2022 tightening
2022-11-02,-0.0205216059716579,0.0205216059716579,Historical,0.95,0.019867870764302912,0.025278977529860795,0.0006537352073549864,1.0329041403132926,2022 tightening
2022-11-02,-0.0205216059716579,0.0205216059716579,Monte Carlo Normal,0.95,0.01904372355000381,0.023573693564437562,0.00147788242165409,1.0776046983550018,2022 tightening
2022-11-02,-0.0205216059716579,0.0205216059716579,Parametric Normal,0.95,0.019142161108856096,0.023782642696141214,0.0013794448628018027,1.072063172750312,2022 tightening
2023-09-21,-0.0174146080942833,0.0174146080942833,Historical,0.95,0.012794487759717742,0.016910985529423148,0.004620120334565559,1.3611024076408575,Other
2023-09-21,-0.0174146080942833,0.0174146080942833,Monte Carlo Normal,0.95,0.014445965096118433,0.018174059639712883,0.002968642998164869,1.2054998041607154,Other
2023-09-21,-0.0174146080942833,0.0174146080942833,Parametric Normal,0.95,0.014510686333959926,0.01834520108167382,0.0029039217603233757,1.2001229778861124,Other
2023-10-03,-0.0144774953244358,0.0144774953244358,Historical,0.95,0.012194439135811409,0.016913370370351934,0.0022830561886243907,1.1872210901376956,Other
2023-10-03,-0.0144774953244358,0.0144774953244358,Monte Carlo Normal,0.95,0.013927013834832021,0.017554538408670578,0.0005504814896037779,1.0395261680739487,Other
2023-10-03,-0.0144774953244358,0.0144774953244358,Parametric Normal,0.95,0.014018894741611544,0.017718942059478264,0.00045860058282425585,1.0327130341782949,Other
2023-10-25,-0.015680738087781,0.015680738087781,Historical,0.95,0.01189827097246246,0.015543969005358683,0.0037824671153185406,1.3179005692568895,Other
2023-10-25,-0.015680738087781,0.015680738087781,Monte Carlo Normal,0.95,0.013203852629376948,0.016604230941120547,0.0024768854584040524,1.187588087199132,Other
2023-10-25,-0.015680738087781,0.015680738087781,Parametric Normal,0.95,0.013262097425067525,0.0167640882871004,0.002418640662713476,1.1823724095211252,Other
2024-02-13,-0.0149037507506909,0.0149037507506909,Historical,0.95,0.009665500427369368,0.013174075359949352,0.005238250323321533,1.5419533486842143,Other
2024-02-13,-0.0149037507506909,0.0149037507506909,Monte Carlo Normal,0.95,0.01007089045542454,0.012774631818898163,0.0048328602952663596,1.4798841092212665,Other
2024-02-13,-0.0149037507506909,0.0149037507506909,Monte Carlo Normal,0.99,0.014426597479804201,0.016601004793778608,0.0004771532708866995,1.0330745535497656,Other
2024-02-13,-0.0149037507506909,0.0149037507506909,Parametric Normal,0.95,0.010147526038874137,0.012912230666914003,0.004756224711816763,1.468707810514223,Other
2024-02-13,-0.0149037507506909,0.0149037507506909,Parametric Normal,0.99,0.014656533825668998,0.016898593829399948,0.0002472169250219026,1.0168673526744048,Other
2024-04-10,-0.0119656511994052,0.0119656511994052,Historical,0.95,0.009125524915096767,0.012286946057705285,0.002840126284308433,1.3112288126691631,Other
2024-04-10,-0.0119656511994052,0.0119656511994052,Monte Carlo Normal,0.95,0.009735547465173404,0.012301752181601433,0.002230103734231796,1.229068138408185,Other
2024-04-10,-0.0119656511994052,0.0119656511994052,Parametric Normal,0.95,0.009760813824644065,0.012440804788763303,0.0022048373747611347,1.2258866334684482,Other
2024-04-12,-0.0104237940252057,0.0104237940252057,Historical,0.95,0.009266213578675943,0.012500427189253833,0.0011575804465297577,1.1249248613472134,Other
2024-04-12,-0.0104237940252057,0.0104237940252057,Monte Carlo Normal,0.95,0.009834947440585563,0.01241649243242077,0.0005888465846201375,1.059872875597704,Other
2024-04-12,-0.0104237940252057,0.0104237940252057,Parametric Normal,0.95,0.009861390806156974,0.012556464597910749,0.0005624032190487266,1.0570308215244435,Other
2024-04-30,-0.0157493127629583,0.0157493127629583,Historical,0.95,0.009460160427765384,0.012584700134059502,0.006289152335192914,1.664803983316644,Other
2024-04-30,-0.0157493127629583,0.0157493127629583,Historical,0.99,0.014694885591825897,0.015999698977585068,0.0010544271711324018,1.0717547043523041,Other
2024-04-30,-0.0157493127629583,0.0157493127629583,Monte Carlo Normal,0.95,0.009900576780488488,0.012520540618908818,0.005848735982469811,1.5907469950635784,Other
2024-04-30,-0.0157493127629583,0.0157493127629583,Monte Carlo Normal,0.99,0.014053008358276288,0.016314354706058704,0.001696304404682011,1.120707563920504,Other
2024-04-30,-0.0157493127629583,0.0157493127629583,Parametric Normal,0.95,0.009951681764929611,0.01265714615226837,0.005797630998028687,1.5825780139453338,Other
2024-04-30,-0.0157493127629583,0.0157493127629583,Parametric Normal,0.99,0.014364073550179933,0.016558092192479255,0.001385239212778366,1.0964377694070644,Other
2024-06-07,-0.0097291229348969,0.0097291229348969,Historical,0.95,0.009460160427765384,0.012996598937623595,0.00026896250713151493,1.0284310725156536,Other
2024-07-17,-0.0136012488760435,0.0136012488760435,Historical,0.95,0.009536823022020885,0.01301457834804077,0.004064425854022615,1.42618237170153,Other
2024-07-17,-0.0136012488760435,0.0136012488760435,Monte Carlo Normal,0.95,0.009891599097621039,0.01251620717874999,0.003709649778422461,1.3750303405760393,Other
2024-07-17,-0.0136012488760435,0.0136012488760435,Parametric Normal,0.95,0.009938397898085986,0.012658324456692613,0.003662850977957514,1.3685554770012716,Other
2024-07-24,-0.0207199181874788,0.0207199181874788,Historical,0.95,0.009536823022020885,0.013168164531009998,0.011183095165457915,2.172622700414564,Other
2024-07-24,-0.0207199181874788,0.0207199181874788,Historical,0.99,0.015300014292606844,0.0162815529816742,0.005419903894871956,1.3542417537146303,Other
2024-07-24,-0.0207199181874788,0.0207199181874788,Monte Carlo Normal,0.95,0.010079383673563777,0.012731086041431638,0.010640534513915023,2.0556731302751214,Other
2024-07-24,-0.0207199181874788,0.0207199181874788,Monte Carlo Normal,0.99,0.014271241838740133,0.016619124027506264,0.006448676348738667,1.4518651159868479,Other
2024-07-24,-0.0207199181874788,0.0207199181874788,Parametric Normal,0.95,0.010124613397614961,0.012874109901105688,0.010595304789863839,2.0464898138589427,Other
2024-07-24,-0.0207199181874788,0.0207199181874788,Parametric Normal,0.99,0.01460881797349205,0.016838544823280416,0.00611110021398675,1.418315857249741,Other
2024-08-01,-0.0105112389437184,0.0105112389437184,Historical,0.95,0.009501592850312667,0.013692386000277331,0.0010096460934057323,1.106260719577403,Other
2024-08-01,-0.0105112389437184,0.0105112389437184,Monte Carlo Normal,0.95,0.010226458294307765,0.012940412713159464,0.00028478064941063475,1.0278474366408112,Other
2024-08-01,-0.0105112389437184,0.0105112389437184,Parametric Normal,0.95,0.01027684691618332,0.013083628302493287,0.00023439202753508005,1.022807776494751,Other
2024-08-05,-0.0199490450235033,0.0199490450235033,Historical,0.95,0.009657842638767827,0.013764733436191643,0.010291202384735472,2.065579836994367,Other
2024-08-05,-0.0199490450235033,0.0199490450235033,Historical,0.99,0.01571571117212142,0.017961279681573464,0.004233333851381877,1.2693695375931517,Other
2024-08-05,-0.0199490450235033,0.0199490450235033,Monte Carlo Normal,0.95,0.010343192771228738,0.013079602103182946,0.00960585225227456,1.9287124841175531,Other
2024-08-05,-0.0199490450235033,0.0199490450235033,Monte Carlo Normal,0.99,0.01465679865242654,0.017074037769220136,0.005292246371076758,1.3610779199863394,Other
2024-08-05,-0.0199490450235033,0.0199490450235033,Parametric Normal,0.95,0.010399334171753922,0.013224184458599622,0.009549710851749377,1.9183002194205623,Other
2024-08-05,-0.0199490450235033,0.0199490450235033,Parametric Normal,0.99,0.015006434623185322,0.017297270244622028,0.004942610400317977,1.3293660702510588,Other
2024-08-22,-0.0108846149382403,0.0108846149382403,Historical,0.95,0.010111192034566728,0.01455088128916137,0.0007734229036735728,1.0764917628929906,Other
2024-08-22,-0.0108846149382403,0.0108846149382403,Monte Carlo Normal,0.95,0.010445518509780073,0.013260004918434471,0.0004390964284602273,1.0420368245050835,Other
2024-08-22,-0.0108846149382403,0.0108846149382403,Parametric Normal,0.95,0.01050101439440324,0.013406353462673024,0.00038360054383706,1.036529856014816,Other
2024-09-03,-0.0131992365007311,0.0131992365007311,Historical,0.95,0.010111192034566728,0.014446606441353923,0.0030880444661643726,1.3054085468466428,Other
2024-09-03,-0.0131992365007311,0.0131992365007311,Monte Carlo Normal,0.95,0.010478976708583726,0.013272121975602354,0.0027202597921473747,1.2595921212344243,Other
2024-09-03,-0.0131992365007311,0.0131992365007311,Parametric Normal,0.95,0.010527052351532186,0.013418395004310494,0.0026721841491989147,1.2538397321459112,Other
2024-09-06,-0.0145593790954385,0.0145593790954385,Historical,0.95,0.010471888730387683,0.01466010201639434,0.004087490365050817,1.3903298125379806,Other
2024-09-06,-0.0145593790954385,0.0145593790954385,Monte Carlo Normal,0.95,0.010511911843687502,0.013329385798739301,0.0040474672517509976,1.3850362628546526,Other
2024-09-06,-0.0145593790954385,0.0145593790954385,Parametric Normal,0.95,0.010571221221280153,0.013476287451172783,0.003988157874158347,1.3772655770489486,Other
2024-10-23,-0.0098351060656961,0.0098351060656961,Historical,0.95,0.009657842638767827,0.013990542409699378,0.00017726342692827267,1.0183543502993841,Other
2024-10-23,-0.0098351060656961,0.0098351060656961,Monte Carlo Normal,0.95,0.00981406793769326,0.012584993897954587,2.1038128002838496e-05,1.0021436705081321,Other
2024-10-31,-0.0161511859669736,0.0161511859669736,Historical,0.95,0.009657842638767827,0.013540878408000539,0.006493343328205774,1.6723389033220168,Other
2024-10-31,-0.0161511859669736,0.0161511859669736,Historical,0.99,0.015334987376947266,0.018806091991313462,0.000816198590026334,1.0532246013618052,Other
2024-10-31,-0.0161511859669736,0.0161511859669736,Monte Carlo Normal,0.95,0.009649510366126433,0.012377388344248275,0.006501675600847167,1.6737829541766802,Other
2024-10-31,-0.0161511859669736,0.0161511859669736,Monte Carlo Normal,0.99,0.013997448948483895,0.016316254192978948,0.0021537370184897056,1.1538663956851212,Other
2024-10-31,-0.0161511859669736,0.0161511859669736,Parametric Normal,0.95,0.009733307916043857,0.01251154685781099,0.006417878050929743,1.6593727544929366,Other
2024-10-31,-0.0161511859669736,0.0161511859669736,Parametric Normal,0.99,0.014264389064805217,0.016517424831797852,0.001886796902168383,1.1322732360703558,Other
2024-11-15,-0.0118771566588719,0.0118771566588719,Historical,0.95,0.009787413656836457,0.014034883256621822,0.002089743002035443,1.2135133013996775,Other
2024-11-15,-0.0118771566588719,0.0118771566588719,Monte Carlo Normal,0.95,0.009787168500353544,0.01244048889321742,0.0020899881585183556,1.213543698409081,Other
2024-11-15,-0.0118771566588719,0.0118771566588719,Parametric Normal,0.95,0.009828610386964823,0.012574107134359979,0.0020485462719070768,1.2084268468535448,Other
2024-12-18,-0.0263191696155293,0.0263191696155293,Historical,0.95,0.01015888444342637,0.0141919640714815,0.016160285172102933,2.590753912213261,Other
2024-12-18,-0.0263191696155293,0.0263191696155293,Historical,0.99,0.015954268097006098,0.01894004972598523,0.010364901518523203,1.6496632409272496,Other
2024-12-18,-0.0263191696155293,0.0263191696155293,Monte Carlo Normal,0.95,0.009926325610373168,0.012581057602862628,0.016392844005156133,2.6514513676667377,Other
2024-12-18,-0.0263191696155293,0.0263191696155293,Monte Carlo Normal,0.99,0.014166443223537004,0.016483924579165046,0.012152726391992297,1.8578530404725024,Other
2024-12-18,-0.0263191696155293,0.0263191696155293,Parametric Normal,0.95,0.009964179371853671,0.012706159434544183,0.016354990243675628,2.6413785454198475,Other
2024-12-18,-0.0263191696155293,0.0263191696155293,Parametric Normal,0.99,0.014436125245751016,0.01665975657592486,0.011883044369778285,1.8231463891791755,Other
2025-01-07,-0.0103930774393023,0.0103930774393023,Monte Carlo Normal,0.95,0.01028731873928668,0.013036489397786542,0.00010575870001561932,1.0102804921958657,Other
2025-01-07,-0.0103930774393023,0.0103930774393023,Parametric Normal,0.95,0.010338652402869785,0.013165364587799783,5.44250364325153e-05,1.0052642292546181,Other
2025-01-27,-0.0121357460324566,0.0121357460324566,Historical,0.95,0.010471888730387683,0.015414685270737163,0.0016638573020689162,1.1588879852438345,Other
2025-01-27,-0.0121357460324566,0.0121357460324566,Monte Carlo Normal,0.95,0.010473026396267342,0.013279151620735041,0.0016627196361892575,1.1587620973419739,Other
2025-01-27,-0.0121357460324566,0.0121357460324566,Parametric Normal,0.95,0.01053017178965834,0.01340827116994022,0.0016055742427982592,1.1524736988977797,Other
2025-02-27,-0.0170271963425799,0.0170271963425799,Historical,0.95,0.010471888730387683,0.015201761830872983,0.006555307612192217,1.6259909535869879,Other
2025-02-27,-0.0170271963425799,0.0170271963425799,Monte Carlo Normal,0.95,0.010417739549511022,0.01320798145198812,0.006609456793068878,1.6344425066164288,Other
2025-02-27,-0.0170271963425799,0.0170271963425799,Monte Carlo Normal,0.99,0.01494034956122349,0.017265326224864,0.00208684678135641,1.1396785779880718,Other
2025-02-27,-0.0170271963425799,0.0170271963425799,Parametric Normal,0.95,0.01048298192859066,0.0133306874093915,0.00654421441398924,1.6242703134058583,Other
2025-02-27,-0.0170271963425799,0.0170271963425799,Parametric Normal,0.99,0.01512735733752286,0.01743672756686112,0.0018998390050570402,1.1255896163928487,Other
2025-03-06,-0.0154014413132392,0.0154014413132392,Historical,0.95,0.010716595740705439,0.0157029893230931,0.004684845572533762,1.4371580010934866,Other
2025-03-06,-0.0154014413132392,0.0154014413132392,Monte Carlo Normal,0.95,0.010722707048792288,0.013589455595085308,0.004678734264446913,1.4363389061322798,Other
2025-03-06,-0.0154014413132392,0.0154014413132392,Monte Carlo Normal,0.99,0.015354783148049396,0.017723640190836294,4.665816518980431e-05,1.0030386730141305,Other
2025-03-06,-0.0154014413132392,0.0154014413132392,Parametric Normal,0.95,0.0108100273024431,0.013712483826674848,0.0045914140107961,1.4247365785800028,Other
2025-03-10,-0.0195704163539439,0.0195704163539439,Historical,0.95,0.011430512884587664,0.016050437505785324,0.008139903469356235,1.7121205803749784,Other
2025-03-10,-0.0195704163539439,0.0195704163539439,Historical,0.99,0.018517339169850808,0.02232937760883713,0.001053077184093091,1.0568697896838046,Other
2025-03-10,-0.0195704163539439,0.0195704163539439,Monte Carlo Normal,0.95,0.010912669213840195,0.013796291901635914,0.008657747140103703,1.7933665879951126,Other
2025-03-10,-0.0195704163539439,0.0195704163539439,Monte Carlo Normal,0.99,0.015557169782313317,0.01795879067775446,0.004013246571630581,1.2579676527149029,Other
2025-03-10,-0.0195704163539439,0.0195704163539439,Parametric Normal,0.95,0.010996831213682641,0.013919999759438442,0.008573585140261257,1.779641423394196,Other
2025-03-10,-0.0195704163539439,0.0195704163539439,Parametric Normal,0.99,0.015764280727546823,0.01813484835134759,0.0038061356263970753,1.241440487655498,Other
2025-04-03,-0.0330826412507093,0.0330826412507093,Historical,0.95,0.011925828656165214,0.016642226713098555,0.02115681259454409,2.7740329166650235,Other
2025-04-03,-0.0330826412507093,0.0330826412507093,Historical,0.99,0.019763516975419188,0.02232937760883713,0.013319124275290115,1.6739248025468207,Other
2025-04-03,-0.0330826412507093,0.0330826412507093,Monte Carlo Normal,0.95,0.011375605231652403,0.014344888185871698,0.0217070360190569,2.9082093283843475,Other
2025-04-03,-0.0330826412507093,0.0330826412507093,Monte Carlo Normal,0.99,0.01621291952148941,0.018655102174735493,0.016869721729219894,2.0405110385492216,Other
2025-04-03,-0.0330826412507093,0.0330826412507093,Parametric Normal,0.95,0.011441719464558298,0.01447359473676829,0.021640921786151006,2.8914046838139678,Other
2025-04-03,-0.0330826412507093,0.0330826412507093,Parametric Normal,0.99,0.01638646078424061,0.01884518502377803,0.016696180466468695,2.018900950382523,Other
2025-04-04,-0.040275865491436,0.040275865491436,Historical,0.95,0.012059203357583467,0.01826661056319887,0.02821666213385253,3.3398446229956305,Other
2025-04-04,-0.040275865491436,0.040275865491436,Historical,0.99,0.0203421903371308,0.026707243017905797,0.0199336751543052,1.9799178369656716,Other
2025-04-04,-0.040275865491436,0.040275865491436,Monte Carlo Normal,0.95,0.011938327623875613,0.015029225602464108,0.028337537867560384,3.3736605963877038,Other
2025-04-04,-0.040275865491436,0.040275865491436,Monte Carlo Normal,0.99,0.016932424271600542,0.019500819077953896,0.023343441219835455,2.378623689402091,Other
2025-04-04,-0.040275865491436,0.040275865491436,Parametric Normal,0.95,0.01201049724095167,0.015161509911013164,0.028265368250484327,3.353388680204607,Other
2025-04-04,-0.040275865491436,0.040275865491436,Parametric Normal,0.99,0.017149541940880343,0.019704881635089613,0.023126323550555654,2.3485096937445378,Other
2025-04-08,-0.0137263302143494,0.0137263302143494,Historical,0.95,0.012720665790007557,0.020431235136966517,0.0010056644243418428,1.079057530552514,Other
2025-04-08,-0.0137263302143494,0.0137263302143494,Monte Carlo Normal,0.95,0.012896103728336317,0.016154966881136167,0.0008302264860130821,1.0643780868626889,Other
2025-04-08,-0.0137263302143494,0.0137263302143494,Parametric Normal,0.95,0.012962006862908364,0.016296050805668674,0.000764323351441035,1.058966436256734,Other
2025-04-10,-0.0300108395108462,0.0300108395108462,Historical,0.95,0.013420343307152914,0.020471780807244846,0.016590496203693288,2.236219955330853,Other
2025-04-10,-0.0300108395108462,0.0300108395108462,Historical,0.99,0.023575536415784505,0.033225892119224866,0.0064353030950616945,1.2729652883212055,Other
2025-04-10,-0.0300108395108462,0.0300108395108462,Monte Carlo Normal,0.95,0.014952264683344133,0.018792115247503988,0.015058574827502067,2.0071099693865344,Other
2025-04-10,-0.0300108395108462,0.0300108395108462,Monte Carlo Normal,0.99,0.021158187285404875,0.024331656142480826,0.008852652225441324,1.41840315080054,Other
2025-04-10,-0.0300108395108462,0.0300108395108462,Parametric Normal,0.95,0.015019947681651366,0.018950877988441486,0.014990891829194834,1.99806551573465,Other
2025-04-10,-0.0300108395108462,0.0300108395108462,Parametric Normal,0.99,0.0214309744448362,0.02461879477432887,0.008579865066009999,1.4003488076613015,Other
2025-04-21,-0.014563280982559,0.014563280982559,Historical,0.95,0.013670043612111743,0.021734057009921978,0.0008932373704472578,1.065342686226388,Other
2025-10-10,-0.0147456173354324,0.0147456173354324,Historical,0.95,0.011398748137233091,0.020205154660298725,0.0033468691981993082,1.2936172602381686,Other
2025-10-10,-0.0147456173354324,0.0147456173354324,Monte Carlo Normal,0.95,0.013945468453986538,0.01768706868664422,0.0008001488814458613,1.0573769812097726,Other
2025-10-10,-0.0147456173354324,0.0147456173354324,Parametric Normal,0.95,0.01406439301412195,0.017838283919173855,0.0006812243213104498,1.048436098211024,Other
2025-11-04,-0.0119978704279556,0.0119978704279556,Historical,0.95,0.011398748137233091,0.02009703399633402,0.0005991222907225091,1.0525603586911025,Other
2025-11-13,-0.0145963527794274,0.0145963527794274,Historical,0.95,0.011943549231867932,0.020106319670878912,0.002652803547559467,1.2221118275697498,Other
2025-11-13,-0.0145963527794274,0.0145963527794274,Monte Carlo Normal,0.95,0.01402995244012458,0.017868152066691175,0.0005664003393028201,1.0403707953907926,Other
2025-11-13,-0.0145963527794274,0.0145963527794274,Parametric Normal,0.95,0.014202069891858574,0.01801905538962644,0.000394282887568825,1.0277623536971079,Other
2026-01-30,-0.0207256074417882,0.0207256074417882,Historical,0.95,0.011065500508746967,0.019138064979436435,0.009660106933041233,1.8729932211746942,Other
2026-01-30,-0.0207256074417882,0.0207256074417882,Monte Carlo Normal,0.95,0.01369444783538243,0.01743309225268461,0.00703115960640577,1.5134314059920926,Other
2026-01-30,-0.0207256074417882,0.0207256074417882,Monte Carlo Normal,0.99,0.019668562942762945,0.022861831189177843,0.0010570444990252552,1.0537428434452145,Other
2026-01-30,-0.0207256074417882,0.0207256074417882,Parametric Normal,0.95,0.013831984254592224,0.017580369037838457,0.0068936231871959755,1.4983828104711217,Other
2026-01-30,-0.0207256074417882,0.0207256074417882,Parametric Normal,0.99,0.01994529415545622,0.022985077688161652,0.0007803132863319802,1.039122676268904,Other
2026-02-12,-0.013816244280722,0.013816244280722,Historical,0.95,0.011670892081288358,0.019865323099588897,0.002145352199433641,1.1838207554736309,Other
2026-03-03,-0.0132956837206798,0.0132956837206798,Historical,0.95,0.011670892081288358,0.019618326787138284,0.0016247916393914413,1.1392174332582878,Other
2026-03-12,-0.0137030962183301,0.0137030962183301,Historical,0.95,0.011065500508746967,0.018817948166623123,0.002637595709583133,1.2383620792840042,Other
2026-03-12,-0.0137030962183301,0.0137030962183301,Monte Carlo Normal,0.95,0.013584322714653293,0.017322065883624078,0.0001187735036768077,1.0087434247677793,Other
2026-03-18,-0.0149326184391199,0.0149326184391199,Historical,0.95,0.011670892081288358,0.019005013115740346,0.0032617263578315417,1.279475325032007,Other
2026-03-18,-0.0149326184391199,0.0149326184391199,Monte Carlo Normal,0.95,0.013673066397860926,0.017414956000670577,0.0012595520412589743,1.0921192075433805,Other
2026-03-18,-0.0149326184391199,0.0149326184391199,Parametric Normal,0.95,0.013812053816278508,0.01755744101674157,0.0011205646228413923,1.0811294712391524,Other
2026-03-20,-0.0187329939702553,0.0187329939702553,Historical,0.95,0.012288199160294016,0.019230762962752983,0.006444794809961284,1.5244702438406021,Other
2026-03-20,-0.0187329939702553,0.0187329939702553,Monte Carlo Normal,0.95,0.01384941799674531,0.01763483794049254,0.004883575973509989,1.3526195811735668,Other
2026-03-20,-0.0187329939702553,0.0187329939702553,Parametric Normal,0.95,0.014011392698400849,0.01777799069761903,0.004721601271854451,1.3369830090047607,Other
2026-03-26,-0.0204307858244437,0.0204307858244437,Historical,0.95,0.012949209429048971,0.01970824397197346,0.007481576395394729,1.5777631782378392,Other
2026-03-26,-0.0204307858244437,0.0204307858244437,Monte Carlo Normal,0.95,0.013998112033840661,0.01779480814073809,0.0064326737906030395,1.4595386702901039,Other
2026-03-26,-0.0204307858244437,0.0204307858244437,Monte Carlo Normal,0.99,0.020007767380186104,0.023379613398220728,0.0004230184442575967,1.0211427110391396,Other
2026-03-26,-0.0204307858244437,0.0204307858244437,Parametric Normal,0.95,0.014147048679747205,0.017939941796712648,0.006283737144696495,1.4441730064654574,Other
2026-03-26,-0.0204307858244437,0.0204307858244437,Parametric Normal,0.99,0.020332948043254615,0.023408825976010045,9.783778118908557e-05,1.0048117853338805,Other
2026-05-15,-0.0150341967001317,0.0150341967001317,Historical,0.95,0.010408688735145014,0.014706979293899376,0.004625507964986687,1.4443891140070915,Other
2026-05-15,-0.0150341967001317,0.0150341967001317,Monte Carlo Normal,0.95,0.00998745532218393,0.01275989745211413,0.005046741377947771,1.5053080304387498,Other
2026-05-15,-0.0150341967001317,0.0150341967001317,Monte Carlo Normal,0.99,0.014515863434723357,0.016987950663755726,0.0005183332654083439,1.0357080560684004,Other
2026-05-15,-0.0150341967001317,0.0150341967001317,Parametric Normal,0.95,0.010037481049991973,0.012846466814910086,0.004996715650139727,1.4978057368430822,Other
2026-05-15,-0.0150341967001317,0.0150341967001317,Parametric Normal,0.99,0.014618707759910532,0.01689667791654083,0.0004154889402211686,1.0284217283117583,Other
2026-06-05,-0.0288350569696957,0.0288350569696957,Historical,0.95,0.010408688735145014,0.014899937436187267,0.018426368234550686,2.770287180587303,Other
2026-06-05,-0.0288350569696957,0.0288350569696957,Historical,0.99,0.016920583307894702,0.019963129078829068,0.011914473661800998,1.704140835159153,Other
2026-06-05,-0.0288350569696957,0.0288350569696957,Monte Carlo Normal,0.95,0.010055646302577605,0.01284602411004189,0.018779410667118093,2.867548847885023,Other
2026-06-05,-0.0288350569696957,0.0288350569696957,Monte Carlo Normal,0.99,0.014545468612857554,0.017090286667055237,0.014289588356838146,1.982408249412245,Other
2026-06-05,-0.0288350569696957,0.0288350569696957,Parametric Normal,0.95,0.010112831371712452,0.012937309685524305,0.01872222559798325,2.8513337076254373,Other
2026-06-05,-0.0288350569696957,0.0288350569696957,Parametric Normal,0.99,0.014719325165460035,0.017009859132299285,0.014115731804235665,1.9589931362722561,Other
2026-06-10,-0.0180826046856732,0.0180826046856732,Historical,0.95,0.010886778977447385,0.01631672122982985,0.007195825708225816,1.6609692107401464,Other
2026-06-10,-0.0180826046856732,0.0180826046856732,Monte Carlo Normal,0.95,0.010671738002800508,0.013550282970877195,0.007410866682872693,1.6944385891902436,Other
2026-06-10,-0.0180826046856732,0.0180826046856732,Monte Carlo Normal,0.99,0.015331793532832186,0.017948709312319254,0.0027508111528410147,1.179418744907457,Other
2026-06-10,-0.0180826046856732,0.0180826046856732,Parametric Normal,0.95,0.010706816018629751,0.013642939684739057,0.007375788667043449,1.688887214855439,Other
2026-06-10,-0.0180826046856732,0.0180826046856732,Parametric Normal,0.99,0.015495394277301015,0.017876467962723526,0.0025872104083721863,1.1669664135079256,Other
2026-06-23,-0.0166210016287343,0.0166210016287343,Historical,0.95,0.011670892081288358,0.01684067144566577,0.004950109547445942,1.4241414891825044,Other
2026-06-23,-0.0166210016287343,0.0166210016287343,Monte Carlo Normal,0.95,0.011210090641469809,0.014219525314881668,0.005410910987264492,1.4826821798610401,Other
2026-06-23,-0.0166210016287343,0.0166210016287343,Monte Carlo Normal,0.99,0.016122548068736153,0.018822395643849264,0.0004984535599981479,1.0309165497831398,Other
2026-06-23,-0.0166210016287343,0.0166210016287343,Parametric Normal,0.95,0.011232004149454031,0.014315594680562697,0.0053889974792802695,1.4797894843675088,Other
2026-06-23,-0.0166210016287343,0.0166210016287343,Parametric Normal,0.99,0.01626108883902304,0.01876175199398142,0.0003599127897112621,1.0221333757704805,Other
2026-07-13,-0.01292220477487,0.01292220477487,Historical,0.95,0.012711667738953887,0.01719629692264875,0.00021053703591611232,1.0165625030672363,Other
2026-07-13,-0.01292220477487,0.01292220477487,Monte Carlo Normal,0.95,0.011557212479620277,0.014629885343580711,0.0013649922952497229,1.1181073980993876,Other
2026-07-13,-0.01292220477487,0.01292220477487,Parametric Normal,0.95,0.011580841897133941,0.014725211890471506,0.001341362877736058,1.1158260245369571,Other
2026-07-23,-0.0133396818357717,0.0133396818357717,Historical,0.95,0.013127618195065383,0.01719629692264875,0.0002120636407063163,1.0161540073420197,Other
2026-07-23,-0.0133396818357717,0.0133396818357717,Monte Carlo Normal,0.95,0.011810212261799583,0.01495160168057265,0.0015294695739721167,1.129503986894395,Other
2026-07-23,-0.0133396818357717,0.0133396818357717,Parametric Normal,0.95,0.011857718276345833,0.015046526184640915,0.001481963559425866,1.1249788133676726,Other
2026-07-29,-0.013853279394954,0.013853279394954,Historical,0.95,0.013319882683980344,0.01719968139304043,0.0005333967109736552,1.0400451508191708,Other
2026-07-29,-0.013853279394954,0.013853279394954,Monte Carlo Normal,0.95,0.011977609944810364,0.01513519890199203,0.0018756694501436359,1.156597973951917,Other
2026-07-29,-0.013853279394954,0.013853279394954,Parametric Normal,0.95,0.01201871831821641,0.015229636707388909,0.0018345610767375904,1.1526419896168962,Other
