Date,Portfolio
2018-01-03,0.005519982334906908
2018-01-04,0.002860774426563994
2018-01-05,0.004449844787920371
2018-01-08,0.0015529869989232281
2018-01-09,-0.0024480569535656137
2018-01-10,-0.0010776201002705656
2018-01-11,0.005945153583228347
2018-01-12,0.0066003017728822775
2018-01-16,-0.0009981616207274837
2018-01-17,0.005023749827950524
2018-01-18,-0.0028182008742537734
2018-01-19,0.0022206558009871813
2018-01-22,0.006395300815626259
2018-01-23,0.0045226674654745835
2018-01-24,-0.0010340533314591616
2018-01-25,0.0007209150702963409
2018-01-26,0.007837761867374816
2018-01-29,-0.006100581069412303
2018-01-30,-0.007981719185091251
2018-01-31,0.0034217687216340884
2018-02-01,-0.004984160680750128
2018-02-02,-0.017517732833796585
2018-02-05,-0.02431604046297982
2018-02-06,0.011688298002291654
2018-02-07,-0.008010730504653424
2018-02-08,-0.02554275585988634
2018-02-09,0.00881016158991521
2018-02-12,0.01191320041274323
2018-02-13,0.004029643915367753
2018-02-14,0.010418544390634355
2018-02-15,0.010600687768458116
2018-02-16,-0.00040607045330612324
2018-02-20,-0.004896807872039677
2018-02-21,-0.005843460915799065
2018-02-22,0.0018517087922503674
2018-02-23,0.013074517949081273
2018-02-26,0.008396469658147986
2018-02-27,-0.009943894145125549
2018-02-28,-0.004540952927709174
2018-03-01,-0.008868999110299591
2018-03-02,0.003537309268817978
2018-03-05,0.00660223764698919
2018-03-06,0.003875684478194019
2018-03-07,-0.0007483132397143766
2018-03-08,0.004106437722488027
2018-03-09,0.010647159246845683
2018-03-12,0.0019795392644578304
2018-03-13,-0.004690062586701394
2018-03-14,-0.0004297942103536732
2018-03-15,-0.0016087849730301363
2018-03-16,-0.0013852647237859671
2018-03-19,-0.011055513774019976
2018-03-20,2.65993714950842e-05
2018-03-21,0.0009808697801561017
2018-03-22,-0.014780568204673153
2018-03-23,-0.013322646529517335
2018-03-26,0.020255188714325877
2018-03-27,-0.013679972829835525
2018-03-28,-0.005599514926590621
2018-03-29,0.010734019974070174
2018-04-02,-0.013699152134017328
2018-04-03,0.005266003322551411
2018-04-04,0.00798696210398292
2018-04-05,0.0023182890812701315
2018-04-06,-0.012279421325239475
2018-04-09,0.004567630294850956
2018-04-10,0.011868224144542661
2018-04-11,-0.0016607637662558736
2018-04-12,0.003091698940743304
2018-04-13,-0.001020261277666906
2018-04-16,0.005472217570912319
2018-04-17,0.010347436550960277
2018-04-18,-0.0006743896967142394
2018-04-19,-0.006439751045856591
2018-04-20,-0.00993034765911625
2018-04-23,-0.0018372901564058797
2018-04-24,-0.010866783643659372
2018-04-25,-0.0010255121231545815
2018-04-26,0.010202794939403176
2018-04-27,0.002708689666181918
2018-04-30,-0.0055841954344095284
2018-05-01,0.0017891144828811657
2018-05-02,-0.004453701225973144
2018-05-03,0.000748073818995354
2018-05-04,0.010538868629360465
2018-05-07,0.003147461104676408
2018-05-08,-0.00041685644942741077
2018-05-09,0.005081690184168991
2018-05-10,0.008967459908817277
2018-05-11,0.0012735507310732532
2018-05-14,-0.0010504606227470404
2018-05-15,-0.01022187428217527
2018-05-16,0.002334755067704408
2018-05-17,-0.0022240589729406123
2018-05-18,-0.0005096509343731623
2018-05-21,0.004598845667506924
2018-05-22,-0.0018315041995968064
2018-05-23,0.004822512679199864
2018-05-24,0.0019861246931750344
2018-05-25,8.159257475554017e-05
2018-05-29,-0.0013491588525371466
2018-05-30,0.006005747411720719
2018-05-31,-0.0032696070140332714
2018-06-01,0.006051775436724855
2018-06-04,0.0025650205927758123
2018-06-05,0.0021226967355608695
2018-06-06,0.0032675472643443173
2018-06-07,-0.00021210933098501065
2018-06-08,0.0007792884178523753
2018-06-11,0.0011058630279098369
2018-06-12,0.0013833696537377594
2018-06-13,-0.0009395347720763447
2018-06-14,0.005429457145872618
2018-06-15,-0.003680437618908416
2018-06-18,-0.0014341518681536547
2018-06-19,-0.0014612772739999835
2018-06-20,3.496579315326891e-05
2018-06-21,-0.003890682085317904
2018-06-22,0.0005200363883015591
2018-06-25,-0.01119035220275872
2018-06-26,0.0013999824976138275
2018-06-27,-0.005684041036687587
2018-06-28,0.004031266632507558
2018-06-29,0.001105442364950826
2018-07-02,0.0008692152595247248
2018-07-03,-0.0017149348705289829
2018-07-05,0.007445490527628885
2018-07-06,0.007686910949598225
2018-07-09,0.0049299031149726115
2018-07-10,0.0013293367975817094
2018-07-11,-0.005050920589651093
2018-07-12,0.008543043583936216
2018-07-13,0.0003699738960028953
2018-07-16,-0.001863902735203915
2018-07-17,0.0011417746548837205
2018-07-18,-0.00039463626439181776
2018-07-19,-0.0021361807946793047
2018-07-20,-0.0019952780173637776
2018-07-23,-0.0016487577574245348
2018-07-24,0.0037824082960503215
2018-07-25,0.007413089142852592
2018-07-26,-0.006286462957963262
2018-07-27,-0.005671336571931873
2018-07-30,-0.006541930992502188
2018-07-31,0.005418023945700357
2018-08-01,-0.002447719379323282
2018-08-02,0.005060009029613144
2018-08-03,0.0039985700024834266
2018-08-06,0.0022857115335370493
2018-08-07,0.0015334393523596776
2018-08-08,0.0007556100040861935
2018-08-09,0.0007641342073144596
2018-08-10,-0.003203095477099516
2018-08-13,-0.004451512584699224
2018-08-14,0.00381675962175928
2018-08-15,-0.00737454831579874
2018-08-16,0.003921426143293051
2018-08-17,0.0031029201535260563
2018-08-20,0.002721676958230973
2018-08-21,0.0016223739336020837
2018-08-22,0.001855409905059835
2018-08-23,-0.0019953667063977274
2018-08-24,0.007744172342341227
2018-08-27,0.005126591799380509
2018-08-28,-0.0018325341635745396
2018-08-29,0.005987580332933284
2018-08-30,-0.002367037809365746
2018-08-31,-0.00029769044767140594
2018-09-04,-0.003682983387061717
2018-09-05,-0.004320386673864817
2018-09-06,-0.002412709155232418
2018-09-07,-0.0038471549063956614
2018-09-10,0.0021702959512806875
2018-09-11,0.0018154364106727774
2018-09-12,0.0010903432973198236
2018-09-13,0.004799795049407913
2018-09-14,-0.002595583144794028
2018-09-17,-0.0049354385974987374
2018-09-18,0.001921845964818774
2018-09-19,-0.00037666897063078357
2018-09-20,0.007445471870397479
2018-09-21,-0.0028415446969198453
2018-09-24,-0.0011723544248351035
2018-09-25,1.157663736717193e-06
2018-09-26,-0.0004065422331824386
2018-09-27,0.0020433770321306
2018-09-28,0.0004104435746933254
2018-10-01,0.00018021053109507624
2018-10-02,0.0021576291090437405
2018-10-03,-0.0035783545636679905
2018-10-04,-0.00925737026800994
2018-10-05,-0.006591633250318763
2018-10-08,-0.0038596273969596583
2018-10-09,0.0023299848418563366
2018-10-10,-0.023831918711696903
2018-10-11,-0.005625794836283176
2018-10-12,0.011103799888610794
2018-10-15,-0.004357966836207705
2018-10-16,0.01621542176402535
2018-10-17,-0.0010288148722351342
2018-10-18,-0.011473788435484421
2018-10-19,-0.000770510888031456
2018-10-22,-0.001161010261717421
2018-10-23,-0.001440839482219253
2018-10-24,-0.021703289172689485
2018-10-25,0.014654422463551012
2018-10-26,-0.011781330234102166
2018-10-29,-0.008404532851508724
2018-10-30,0.008396163686307169
2018-10-31,0.008290473391734238
2018-11-01,0.009667514440646684
2018-11-02,-0.008723875464128594
2018-11-05,0.0020125811369288817
2018-11-06,0.00387518671751993
2018-11-07,0.016659409515163467
2018-11-08,-0.002661642959473437
2018-11-09,-0.008311304984394247
2018-11-12,-0.014807516550514422
2018-11-13,-0.0006080545157763574
2018-11-14,-0.0032789750291999766
2018-11-15,0.00863061930612089
2018-11-16,0.0024311916173222537
2018-11-19,-0.014262471910356294
2018-11-20,-0.011806589899378328
2018-11-21,0.0034405335167977174
2018-11-23,-0.004387645035144539
2018-11-26,0.011616305147970157
2018-11-27,0.00152117969213747
2018-11-28,0.01684314531609915
2018-11-29,-0.0004347030504122608
2018-11-30,0.004741308774098462
2018-12-03,0.01221530812499597
2018-12-04,-0.018286994105915687
2018-12-06,0.0018118239753232013
2018-12-07,-0.01595956028675339
2018-12-10,0.0036836838574563547
2018-12-11,0.0007065920321411123
2018-12-12,0.0036420199769822688
2018-12-13,-0.000864189803671378
2018-12-14,-0.013378460256545554
2018-12-17,-0.01130965217627673
2018-12-18,0.0026877070124834202
2018-12-19,-0.010401083998607858
2018-12-20,-0.008549235372668574
2018-12-21,-0.01663141992263338
2018-12-24,-0.014132052106615767
2018-12-26,0.03322668391239502
2018-12-27,0.005212429193174784
2018-12-28,0.0016456742846867045
2018-12-31,0.006607215953703338
2019-01-02,0.002573345743692879
2019-01-03,-0.014076824841536151
2019-01-04,0.02056654054214718
2019-01-07,0.006059240743231831
2019-01-08,0.005087541130390183
2019-01-09,0.004556619031670562
2019-01-10,-4.3637272129876124e-05
2019-01-11,0.00027934119044921164
2019-01-14,-0.005036562735755196
2019-01-15,0.008477393181805633
2019-01-16,0.0016017047390219363
2019-01-17,0.004859559793364838
2019-01-18,0.005411714832794985
2019-01-22,-0.008523857300279582
2019-01-23,0.0008681602737759198
2019-01-24,0.0029095950559651306
2019-01-25,0.007606438215460987
2019-01-28,-0.005802407715674684
2019-01-29,-0.0010384185106939445
2019-01-30,0.01340215067914501
2019-01-31,0.00904718243171988
2019-02-01,-0.0023714588661334747
2019-02-04,0.004376239831582969
2019-02-05,0.005189421356743096
2019-02-06,-0.002187446810898869
2019-02-07,-0.005483931723487862
2019-02-08,0.002402461891281438
2019-02-11,-0.0015368843296035995
2019-02-12,0.008647205921187796
2019-02-13,0.00012420514828899735
2019-02-14,0.0013980396515202997
2019-02-15,0.006617068765262802
2019-02-19,0.003978448994963857
2019-02-20,-6.996420319658741e-05
2019-02-21,-0.005820799919367847
2019-02-22,0.006061477950286253
2019-02-25,0.0007078179572579279
2019-02-26,0.0012144174994259572
2019-02-27,-0.0036589680470048903
2019-02-28,-0.0028441275197942377
2019-03-01,-0.00017154348532876176
2019-03-04,-0.00023819526574663248
2019-03-05,0.0002577493766792949
2019-03-06,-0.0032418728080950976
2019-03-07,-0.00524067153954672
2019-03-08,0.0013053640642486817
2019-03-11,0.009674873961344648
2019-03-12,0.005192740153133624
2019-03-13,0.005197883498624611
2019-03-14,-0.003856259988513938
2019-03-15,0.006305412150488411
2019-03-18,0.002016235810916478
2019-03-19,0.0009104915993466744
2019-03-20,0.0028519313329018357
2019-03-21,0.008262153030870677
2019-03-22,-0.00973064288349066
2019-03-25,0.000692780936743842
2019-03-26,0.0032574939104178745
2019-03-27,-0.002641298060036995
2019-03-28,0.0006671794145433845
2019-03-29,0.004360918436529771
2019-04-01,0.004624396207811077
2019-04-02,0.0020688041182902574
2019-04-03,0.00011120543648071564
2019-04-04,0.0019145659234795056
2019-04-05,0.0033273879795621187
2019-04-08,0.0008836287124860841
2019-04-09,-0.0015130708768985373
2019-04-10,0.00365267810007619
2019-04-11,-0.003797358447454813
2019-04-12,0.0022151985703290637
2019-04-15,7.06693532481761e-07
2019-04-16,-0.0014738917428430975
2019-04-17,-0.0003118348121109727
2019-04-18,0.002267458543551115
2019-04-22,9.18047514997577e-05
2019-04-23,0.006889699006340827
2019-04-24,0.00039293535391383695
2019-04-25,0.00060153671958999
2019-04-26,0.0037616833341686086
2019-04-29,-0.0008311863489720018
2019-04-30,-0.00024929107442683845
2019-05-01,-0.003976287525711669
2019-05-02,-0.003474212232960933
2019-05-03,0.009357973922532603
2019-05-06,-0.0024278409847074134
2019-05-07,-0.009520928397113899
2019-05-08,-0.002422095659461654
2019-05-09,-0.0013765627171662856
2019-05-10,0.002333060626054784
2019-05-13,-0.01562477448961592
2019-05-14,0.005515898944410741
2019-05-15,0.007016646880336198
2019-05-16,0.004472568194955467
2019-05-17,-0.005757147578331079
2019-05-20,-0.007290423653559081
2019-05-21,0.00555187192168744
2019-05-22,-0.0013447629518515245
2019-05-23,-0.005303258390507288
2019-05-24,0.0011143835237482692
2019-05-28,-0.003801705961688162
2019-05-29,-0.004085048569264743
2019-05-30,0.004880995899971941
2019-05-31,-0.004853054717029226
2019-06-03,-0.003018771463334646
2019-06-04,0.013489201908581796
2019-06-05,0.004576217692219308
2019-06-06,0.005722650066528513
2019-06-07,0.011407444476645623
2019-06-10,0.0013737452388381925
2019-06-11,0.00018738146100067408
2019-06-12,-0.0012192247138663847
2019-06-13,0.004737949604805935
2019-06-14,-0.001049262145750035
2019-06-17,0.0019128351491154716
2019-06-18,0.009582879055722717
2019-06-19,0.003037250343311071
2019-06-20,0.010451325164198512
2019-06-21,-0.0021539684952938012
2019-06-24,0.0032372179537625166
2019-06-25,-0.007304533155330251
2019-06-26,-0.0018911674568784843
2019-06-27,0.0036366062836537707
2019-06-28,0.0026513930068157946
2019-07-01,0.003631804748641061
2019-07-02,0.0067791507932025265
2019-07-03,0.00675258171328469
2019-07-05,-0.005289605441829876
2019-07-08,-0.0046444468289447765
2019-07-09,0.0022004966384900682
2019-07-10,0.005669418772167955
2019-07-11,-0.0031806881959378142
2019-07-12,0.004401625211196159
2019-07-15,0.002086032957169881
2019-07-16,-0.004442685281581138
2019-07-17,0.0006778075211369303
2019-07-18,0.003883252630602907
2019-07-19,-0.006732822256709281
2019-07-22,0.0033296074351452597
2019-07-23,0.002556678153781084
2019-07-24,0.005266065969571021
2019-07-25,-0.006297430651668329
2019-07-26,0.00597383144419864
2019-07-29,-0.0005262689312498902
2019-07-30,-0.0010725503560950478
2019-07-31,-0.008192467817115962
2019-08-01,0.002849391908115245
2019-08-02,-0.005416612401325943
2019-08-05,-0.015307887376761751
2019-08-06,0.01192643843484509
2019-08-07,0.003936769993587874
2019-08-08,0.014472700288090034
2019-08-09,-0.0059714590123176045
2019-08-12,-0.002113564534015134
2019-08-13,0.010120158660459184
2019-08-14,-0.013766083134005866
2019-08-15,0.003991440990938744
2019-08-16,0.007352112879481609
2019-08-19,0.004180346258641233
2019-08-20,-0.0017637469682964923
2019-08-21,0.0036659811580020516
2019-08-22,-0.002640522568608411
2019-08-23,-0.011960946170658205
2019-08-26,0.007411437442952163
2019-08-27,0.002420633803453137
2019-08-28,0.0035462905678323663
2019-08-29,0.007099033724969483
2019-08-30,-0.0011070104544387228
2019-09-03,-0.0024203584874886884
2019-09-04,0.00938434845866043
2019-09-05,0.0024995398711034345
2019-09-06,0.0002058293903349496
2019-09-09,-0.004433903847998233
2019-09-10,-0.005602154775604129
2019-09-11,0.005745764384351936
2019-09-12,0.0014230852016231975
2019-09-13,-0.00667189865529007
2019-09-16,0.0014489463278673786
2019-09-17,0.003594636433292509
2019-09-18,4.126825890599107e-05
2019-09-19,0.0015981636858445115
2019-09-20,-0.00011943442078415936
2019-09-23,0.000813694045524993
2019-09-24,-0.0032551167601133084
2019-09-25,-0.0005349837985999357
2019-09-26,-0.0005097675306753978
2019-09-27,-0.005537692447040949
2019-09-30,0.0023959453432394356
2019-10-01,-0.005373742194941361
2019-10-02,-0.009125115342183666
2019-10-03,0.008525167580971948
2019-10-04,0.010571010960544113
2019-10-07,-0.005417480257510249
2019-10-08,-0.008105059186525515
2019-10-09,0.005246902364501593
2019-10-10,0.0003531531121387549
2019-10-11,0.004060254565005877
2019-10-14,0.001580692047014215
2019-10-15,0.0036761139432746224
2019-10-16,-0.00015971705599858186
2019-10-17,0.001567923552303385
2019-10-18,-0.004313512425229766
2019-10-21,0.002708766676228991
2019-10-22,-0.001688116539467488
2019-10-23,0.002199815198788624
2019-10-24,0.0037518289869283294
2019-10-25,0.0030071348332644243
2019-10-28,0.0016116782348819243
2019-10-29,-0.0023395780755770647
2019-10-30,0.006188669304727579
2019-10-31,0.00324670305001874
2019-11-01,0.005497667990747302
2019-11-04,8.968640999681945e-05
2019-11-05,-0.004981331115034149
2019-11-06,0.0013830383192865504
2019-11-07,-0.0037066754619197065
2019-11-08,0.0001881674899157192
2019-11-11,-0.0013262367948988552
2019-11-12,0.0028881694925901205
2019-11-13,0.0020895261608246066
2019-11-14,0.0030802825120023803
2019-11-15,0.004135026436832779
2019-11-18,0.0013002316054010366
2019-11-19,0.001996210718405611
2019-11-20,-0.0008418374838926158
2019-11-21,-0.003273624096408867
2019-11-22,0.0010257612218116164
2019-11-25,0.005927867285528115
2019-11-26,0.003274812537600702
2019-11-27,0.002154145369200383
2019-11-29,-0.002119670902147397
2019-12-02,-0.00870047323742259
2019-12-03,0.0009897990368145032
2019-12-04,0.0015322792560416908
2019-12-05,0.00032669962859293027
2019-12-06,0.003732095396576524
2019-12-09,-0.002001874671919157
2019-12-10,-0.00021453148150629708
2019-12-11,0.005064636047331883
2019-12-12,0.0014929510885951787
2019-12-13,0.004048362282839624
2019-12-16,0.0034489616746803562
2019-12-17,-7.720447084360593e-05
2019-12-18,-0.0014156052647502303
2019-12-19,0.003910917549094028
2019-12-20,0.003175885848291615
2019-12-23,0.0014409072093393815
2019-12-24,0.0021286500929836526
2019-12-26,0.005996338198103957
2019-12-27,-0.0001435151322473682
2019-12-30,-0.004255761891256394
2019-12-31,-0.00023187998848714922
2020-01-02,0.011275806740525219
2020-01-03,-0.00024856692117603577
2020-01-06,0.003574563492287219
2020-01-07,-0.0015523766865029656
2020-01-08,0.0015635740843707169
2020-01-09,0.004684888278413964
2020-01-10,0.0008917565189315303
2020-01-13,0.003915361038490978
2020-01-14,-0.0006992178326584165
2020-01-15,0.003207727810805528
2020-01-16,0.004857601982844684
2020-01-17,0.0010494584209818191
2020-01-21,0.0013696901218937575
2020-01-22,0.0014626672567871536
2020-01-23,0.0030004346624898036
2020-01-24,-0.0031666128837332446
2020-01-27,-0.007441057975594896
2020-01-28,0.005126462418090178
2020-01-29,0.0028444375126646993
2020-01-30,0.002226560973142822
2020-01-31,-0.00853309520460716
2020-02-03,0.005612326249594225
2020-02-04,0.007174252430237411
2020-02-05,0.00344082533396356
2020-02-06,0.005213621853593476
2020-02-07,-0.00031458874555768696
2020-02-10,0.006947094165217849
2020-02-11,-0.0007879522034123898
2020-02-12,0.003877038464094007
2020-02-13,0.0008743512806778153
2020-02-14,0.0028590426460289755
2020-02-18,0.0023576839228201195
2020-02-19,0.005169810181033252
2020-02-20,-0.0017847416275088175
2020-02-21,-0.004799736266305321
2020-02-24,-0.01857352280082342
2020-02-25,-0.020535134536451245
2020-02-26,-0.0005863811987164237
2020-02-27,-0.02828427550140751
2020-02-28,-0.0024433840877911726
2020-03-02,0.029580876599657465
2020-03-03,-0.011649522554149513
2020-03-04,0.025383169908987556
2020-03-05,-0.012673691338017132
2020-03-06,-0.0003645785667768965
2020-03-09,-0.042935567136106904
2020-03-10,0.02089357227321184
2020-03-11,-0.03828166505835734
2020-03-12,-0.06593766873772387
2020-03-13,0.04627303207186028
2020-03-16,-0.0624805293070208
2020-03-17,0.029254109344745063
2020-03-18,-0.042127903583093616
2020-03-19,0.004959775021064473
2020-03-20,-0.00974309662734395
2020-03-23,0.0048219726087530895
2020-03-24,0.05915731747098179
2020-03-25,0.001629174089848995
2020-03-26,0.03942875970494899
2020-03-27,-0.01614301734916946
2020-03-30,0.021097929258055894
2020-03-31,-0.014497484472014155
2020-04-01,-0.024403715599262084
2020-04-02,0.0180321576101922
2020-04-03,-0.00811346912803918
2020-04-06,0.048374464719010406
2020-04-07,-0.0025915923811880184
2020-04-08,0.01594398569871279
2020-04-09,0.010730403779705333
2020-04-13,-0.00020612976239899945
2020-04-14,0.023801384490334778
2020-04-15,-0.006834348409366236
2020-04-16,0.00863128130607619
2020-04-17,0.0076044329535855555
2020-04-20,-0.007330434915060507
2020-04-21,-0.01987565476758995
2020-04-22,0.017203676578710348
2020-04-23,0.00199286786055774
2020-04-24,0.00934489724831224
2020-04-27,0.0030592663929494227
2020-04-28,-0.004914245690127528
2020-04-29,0.01912890349338307
2020-04-30,-0.00887989778467887
2020-05-01,-0.014997313567654696
2020-05-04,0.003602645704585261
2020-05-05,0.005885942876266448
2020-05-06,-0.006328109212457411
2020-05-07,0.013690077885726694
2020-05-08,0.006542889513900163
2020-05-11,-0.00017918456832690123
2020-05-12,-0.010570688047701993
2020-05-13,-0.007360757423928039
2020-05-14,0.010909947486125973
2020-05-15,0.003793785933944738
2020-05-18,0.011316431013625637
2020-05-19,-0.0025395507590562087
2020-05-20,0.01274232046969045
2020-05-21,-0.007171152029478551
2020-05-22,0.003713163077478765
2020-05-26,-0.0005607116708887077
2020-05-27,0.007218996103483167
2020-05-28,-0.0012971325791504285
2020-05-29,0.007977562130561644
2020-06-01,0.0017106498403431146
2020-06-02,0.00329046208433425
2020-06-03,0.0010206598182494254
2020-06-04,-0.0041206585447787995
2020-06-05,0.010742733652023212
2020-06-08,0.009166786435299768
2020-06-09,0.0025466284051513296
2020-06-10,0.005882460891655494
2020-06-11,-0.03274875832671009
2020-06-12,0.005061549001595656
2020-06-15,0.006619401194523961
2020-06-16,0.008851605082760129
2020-06-17,0.00024336771073932837
2020-06-18,0.0026535989911245506
2020-06-19,-0.0005117044280513574
2020-06-22,0.0065581518029802725
2020-06-23,0.0038653081659377857
2020-06-24,-0.013734874940530502
2020-06-25,0.007154217829771131
2020-06-26,-0.012594162896243823
2020-06-29,0.008057326813668877
2020-06-30,0.009719003018893191
2020-07-01,0.004659563107472848
2020-07-02,0.004431273214821063
2020-07-06,0.012400400010236136
2020-07-07,-0.0020899216612685623
2020-07-08,0.00648512288900337
2020-07-09,0.002607439650321841
2020-07-10,0.004397186073818755
2020-07-13,-0.007758829499892296
2020-07-14,0.007940259253920712
2020-07-15,0.0033825235441133695
2020-07-16,-0.0034910584642401598
2020-07-17,0.002266136196641244
2020-07-20,0.011540172172864039
2020-07-21,0.00017287658469078415
2020-07-22,0.00603584011536481
2020-07-23,-0.007642774547789432
2020-07-24,-0.0036750776392444453
2020-07-27,0.009598634393384231
2020-07-28,-0.00308333534418097
2020-07-29,0.008586833132859583
2020-07-30,8.949405007195335e-05
2020-07-31,0.008856988092242234
2020-08-03,0.005320397936408161
2020-08-04,0.007571264490283713
2020-08-05,0.0027476569161636872
2020-08-06,0.009093399386995216
2020-08-07,-0.0063144040091200225
2020-08-10,-0.0012862710411318534
2020-08-11,-0.018468431571818062
2020-08-12,0.009345429575935944
2020-08-13,0.001252092407453664
2020-08-14,-0.0017094731431600895
2020-08-17,0.007929971651949096
2020-08-18,0.006052023416276675
2020-08-19,-0.00933245287445018
2020-08-20,0.007558228618377926
2020-08-21,0.0031483503542353245
2020-08-24,0.004440773482651828
2020-08-25,0.0020167252707993908
2020-08-26,0.010351205303397304
2020-08-27,-0.005040842690710668
2020-08-28,0.006313232665818269
2020-08-31,0.002245564271937406
2020-09-01,0.010506646254061825
2020-09-02,0.00808691794248942
2020-09-03,-0.02708798331526418
2020-09-04,-0.009981153342902355
2020-09-08,-0.02200507516282231
2020-09-09,0.01616153422483585
2020-09-10,-0.0113965007807852
2020-09-11,-0.001112980592740925
2020-09-14,0.01079400852389234
2020-09-15,0.004719002238714032
2020-09-16,-0.005746171282534972
2020-09-17,-0.007635799216198991
2020-09-18,-0.008220598605938578
2020-09-21,-0.005850694019825381
2020-09-22,0.007833534599249542
2020-09-23,-0.019883266988764865
2020-09-24,0.0035542526257568707
2020-09-25,0.01185142490714739
2020-09-28,0.012775708134826712
2020-09-29,-0.0018101591509552264
2020-09-30,0.0019274633619827792
2020-10-01,0.008204139755870378
2020-10-02,-0.011711952652107706
2020-10-05,0.009248169448870056
2020-10-06,-0.010834521600804376
2020-10-07,0.00976130298069749
2020-10-08,0.006489088543514965
2020-10-09,0.01007871399020255
2020-10-12,0.014359066196329045
2020-10-13,-0.0035461086542285195
2020-10-14,-0.0036799668054353363
2020-10-15,-0.0019704524625644374
2020-10-16,-0.0026878619688429917
2020-10-19,-0.010843099685386577
2020-10-20,0.0009597390369091795
2020-10-21,-0.0005117039134563796
2020-10-22,-0.0013642043882444667
2020-10-23,0.0029140627906724613
2020-10-26,-0.009355932050127887
2020-10-27,0.0023096993678582757
2020-10-28,-0.02565289531973815
2020-10-29,0.005873773456444571
2020-10-30,-0.011799397509861193
2020-11-02,0.007994013761610885
2020-11-03,0.011077880885726244
2020-11-04,0.02435403424252319
2020-11-05,0.01811394521404691
2020-11-06,-0.0021082326758977256
2020-11-09,-0.0109257196996011
2020-11-10,-0.005721797931547862
2020-11-11,0.008636533763666836
2020-11-12,-0.0007410357965529471
2020-11-13,0.008488779563999172
2020-11-16,0.006454541621225496
2020-11-17,-0.0021890549890772218
2020-11-18,-0.006940618211547351
2020-11-19,0.004387948280169153
2020-11-20,-0.002221211201326973
2020-11-23,-0.0014641087448963362
2020-11-24,0.005668327377822118
2020-11-25,0.00023325796716102678
2020-11-27,0.003836914817444354
2020-11-30,-0.002511755308223851
2020-12-01,0.007788899407589289
2020-12-02,0.0007037158933191679
2020-12-03,0.0030384680129302622
2020-12-04,0.001107390156478199
2020-12-07,0.004635040614869368
2020-12-08,0.003484866719705793
2020-12-09,-0.012472735415230345
2020-12-10,0.0023586948464355663
2020-12-11,-3.593120392879073e-05
2020-12-14,-0.0013575144501515202
2020-12-15,0.009509330457558994
2020-12-16,0.0022982308536520723
2020-12-17,0.004919992501496495
2020-12-18,-0.0032069562724738932
2020-12-21,-0.0015807088584387674
2020-12-22,-0.00014766180628952838
2020-12-23,-0.0012842613245221178
2020-12-24,0.0040486027149714944
2020-12-28,0.00550064769268922
2020-12-29,-0.0002470462572977451
2020-12-30,0.0021597167168193043
2020-12-31,0.0034966436158722974
2021-01-04,-0.005877785546808972
2021-01-05,0.003774875966137014
2021-01-06,-0.007613554642406983
2021-01-07,0.009877919076986357
2021-01-08,-0.0002835178975161723
2021-01-11,-0.0069334408299273065
2021-01-12,0.0004991662623351545
2021-01-13,0.004371891244595388
2021-01-14,-0.004689065369057489
2021-01-15,-0.005964868626881043
2021-01-19,0.008704545433587086
2021-01-20,0.013989988582634704
2021-01-21,0.0008670003363961563
2021-01-22,-0.002669536548700302
2021-01-25,0.006130469440994469
2021-01-26,-0.0010066318376742711
2021-01-27,-0.01718718307841957
2021-01-28,0.003952836945892091
2021-01-29,-0.014531319084119433
2021-02-01,0.01454460108300566
2021-02-02,0.006619950539733405
2021-02-03,-0.0026784605005919226
2021-02-04,0.0037388694542778876
2021-02-05,0.0022282520527750482
2021-02-08,0.006952545134270971
2021-02-09,0.00031890162011664614
2021-02-10,0.0011359310967002602
2021-02-11,-0.00037666237183186526
2021-02-12,0.00043374793785041496
2021-02-16,-0.006221090749555669
2021-02-17,-0.0015405892433794698
2021-02-18,-0.0036138410039201706
2021-02-19,-0.003832803333243778
2021-02-22,-0.00883272624606513
2021-02-23,-0.001180485427381528
2021-02-24,0.005050069754878805
2021-02-25,-0.0244425192985566
2021-02-26,0.001970175204489999
2021-03-01,0.014315559713431954
2021-03-02,-0.006299694150098535
2021-03-03,-0.016375918369987343
2021-03-04,-0.011806936107708955
2021-03-05,0.011607711979697809
2021-03-08,-0.012180175665396725
2021-03-09,0.02153350973127981
2021-03-10,0.002941580231037372
2021-03-11,0.008240958507571401
2021-03-12,-0.005761652922053923
2021-03-15,0.006891803220906845
2021-03-16,0.00020263884429478897
2021-03-17,0.001968477845993888
2021-03-18,-0.016374284845513672
2021-03-19,0.002008124440839076
2021-03-22,0.009902911661018227
2021-03-23,-0.003528692684210033
2021-03-24,-0.004654200069843411
2021-03-25,-0.0003048123913378662
2021-03-26,0.009922696059297608
2021-03-29,-0.0037552701177482163
2021-03-30,-0.0038352422487895
2021-03-31,0.006606384331897075
2021-04-01,0.013794662336936304
2021-04-05,0.009804374684286582
2021-04-06,0.0021529081207967704
2021-04-07,-0.0007483746868846565
2021-04-08,0.007771079180830399
2021-04-09,0.0025673944094903203
2021-04-12,-0.0011773303419471692
2021-04-13,0.006665453658605258
2021-04-14,-0.005655171818882721
2021-04-15,0.013857241631458983
2021-04-16,0.0009836185517829608
2021-04-19,-0.005242466895406117
2021-04-20,-0.0032954550170825
2021-04-21,0.007813164268271177
2021-04-22,-0.006766551102895074
2021-04-23,0.006439548318079591
2021-04-26,0.002573721786119032
2021-04-27,-0.0032914921483342408
2021-04-28,-0.00038855815427288337
2021-04-29,0.002237702696244387
2021-04-30,-0.004309578038167277
2021-05-03,0.0015980060973187383
2021-05-04,-0.006709025113482886
2021-05-05,0.00023580634552887724
2021-05-06,0.007909855510681662
2021-05-07,0.005303045243852112
2021-05-10,-0.011845371122042673
2021-05-11,-0.00502101198404688
2021-05-12,-0.01856052628777713
2021-05-13,0.007663555844233694
2021-05-14,0.01489903418650499
2021-05-17,-0.001211721800664606
2021-05-18,-0.005353574830139574
2021-05-19,-0.0011424934382433416
2021-05-20,0.011469776433962133
2021-05-21,-0.0010016459323683668
2021-05-24,0.009287323507304735
2021-05-25,0.002672074018414139
2021-05-26,0.0010593509350342702
2021-05-27,-0.0014707056779154459
2021-05-28,0.001752206967665504
2021-06-01,-0.001631776501358867
2021-06-02,0.0023138056437263968
2021-06-03,-0.007773374182535231
2021-06-04,0.01225725442886868
2021-06-07,0.00034327298931763334
2021-06-08,0.0011455144039210887
2021-06-09,0.0009407722672359843
2021-06-10,0.006308551278559339
2021-06-11,-0.0006959956392509013
2021-06-14,0.0008803151068052574
2021-06-15,-0.0031738630328511375
2021-06-16,-0.005850282871307
2021-06-17,0.0014251022644510391
2021-06-18,-0.004428884900114027
2021-06-21,0.0057686015949869884
2021-06-22,0.0043284370078052695
2021-06-23,-0.0009743511686228945
2021-06-24,0.004143027018809476
2021-06-25,-0.0004663542103469533
2021-06-28,0.0058940224861885274
2021-06-29,-0.00012137052607768516
2021-06-30,0.0015608728151954188
2021-07-01,0.002840816401006896
2021-07-02,0.008117594542137618
2021-07-06,0.003440366192245348
2021-07-07,0.004284062801715749
2021-07-08,-0.004083348049430302
2021-07-09,0.0035165016813452628
2021-07-12,0.0019636304779125256
2021-07-13,-0.002699068351317846
2021-07-14,0.0049309301359683365
2021-07-15,-0.0008896745440692244
2021-07-16,-0.006995057956615053
2021-07-19,-0.003392692716831281
2021-07-20,0.006513773496369214
2021-07-21,0.002077472602557301
2021-07-22,0.004674005119929093
2021-07-23,0.005226658655690319
2021-07-26,0.0002302380497112067
2021-07-27,-0.002193344868677083
2021-07-28,0.0015664867038311157
2021-07-29,0.002659751087694717
2021-07-30,-0.0034877013998635296
2021-08-02,0.0007796552854481332
2021-08-03,0.004769623405172352
2021-08-04,-0.0011597134307248292
2021-08-05,0.0025067004438940215
2021-08-06,-0.007523525231455786
2021-08-09,-0.003241109792856778
2021-08-10,-0.0016611273821522277
2021-08-11,0.0025096807775790374
2021-08-12,0.0018086081828331821
2021-08-13,0.006913625288903625
2021-08-16,0.002283286076619018
2021-08-17,-0.0051289694660220314
2021-08-18,-0.005995754496882139
2021-08-19,0.0028604686280145506
2021-08-20,0.005986396252474302
2021-08-23,0.008951578464277953
2021-08-24,-0.00022798315250557313
2021-08-25,-0.0015753560272319777
2021-08-26,-0.003224713157520337
2021-08-27,0.009621693899906502
2021-08-30,0.004345949588608932
2021-08-31,-0.001856577267364784
2021-09-01,0.0009708405043534762
2021-09-02,0.00158801886165218
2021-09-03,0.00045692538861975536
2021-09-07,-0.00570106223718318
2021-09-08,-0.00037210142733261055
2021-09-09,0.0005116252016023729
2021-09-10,-0.007573266296835723
2021-09-13,0.002566407272514987
2021-09-14,0.0005210049943199235
2021-09-15,0.003618615121676416
2021-09-16,-0.004774897428857094
2021-09-17,-0.008055461632858274
2021-09-20,-0.008283469960838723
2021-09-21,0.0007579822751284658
2021-09-22,0.006869833962610549
2021-09-23,0.0009153949354635929
2021-09-24,-0.0012539345765711697
2021-09-27,-0.0035626219671693496
2021-09-28,-0.019707912280168594
2021-09-29,-6.526471671554064e-05
2021-09-30,-0.003138843581401801
2021-10-01,0.008325251812428991
2021-10-04,-0.01021311539695765
2021-10-05,0.004906713778856963
2021-10-06,0.0047938463687995266
2021-10-07,0.0028697032623650424
2021-10-08,-0.003311941042366745
2021-10-11,-0.005603899561571329
2021-10-12,0.002240544320058885
2021-10-13,0.008055357829444266
2021-10-14,0.012442532185965648
2021-10-15,0.0010723417760608426
2021-10-18,0.004263868605177474
2021-10-19,0.002700828005517952
2021-10-20,0.001209514030626463
2021-10-21,0.002196814535021763
2021-10-22,0.0006052079090129337
2021-10-25,0.005436278970145947
2021-10-26,0.0016912401129148883
2021-10-27,0.0028405501323184087
2021-10-28,0.005923457971585966
2021-10-29,0.0013765725651851968
2021-11-01,0.0008857875476401042
2021-11-02,0.003227914727525244
2021-11-03,0.0017818486541050624
2021-11-04,0.008893066388507665
2021-11-05,0.006576905446971326
2021-11-08,0.0001665619994859202
2021-11-09,0.00029985566609087
2021-11-10,-0.008919963277327358
2021-11-11,0.0013659653484354827
2021-11-12,0.0050551596670563425
2021-11-15,-0.002663560345206495
2021-11-16,0.0017696579656891088
2021-11-17,0.0021159902134423535
2021-11-18,0.004219552157035228
2021-11-19,0.0016431737235839017
2021-11-22,-0.009737011555703457
2021-11-23,-0.004798724906826207
2021-11-24,0.004940583274301758
2021-11-26,-0.008849420444837714
2021-11-29,0.008517712741181715
2021-11-30,-0.009422405795341227
2021-12-01,-0.006864169975801842
2021-12-02,0.007347316596464038
2021-12-03,-0.004179536119731596
2021-12-06,0.0036244160878646514
2021-12-07,0.01471888040891697
2021-12-08,-0.0011983318152072985
2021-12-09,-0.0061771827109756315
2021-12-10,0.006633507348469125
2021-12-13,-0.00382107725394743
2021-12-14,-0.00721740755069516
2021-12-15,0.010668817665792652
2021-12-16,-0.00806364282791458
2021-12-17,-0.003559275647079274
2021-12-20,-0.008811412451812745
2021-12-21,0.011874228782559166
2021-12-22,0.009379459774378396
2021-12-23,0.0029762938155199928
2021-12-27,0.010632687548615662
2021-12-28,-0.0029247947086526505
2021-12-29,-0.001755030960054338
2021-12-30,0.0009008895907282432
2021-12-31,-0.0011522915262528579
2022-01-03,-0.0028348663136736124
2022-01-04,-0.0031032280729235253
2022-01-05,-0.016897929204166797
2022-01-06,-0.001870241299288744
2022-01-07,-0.00504462699626817
2022-01-10,0.0006150267966669066
2022-01-11,0.010540663460853803
2022-01-12,0.0017029116298361237
2022-01-13,-0.010498762201459021
2022-01-14,-0.0017345771692859227
2022-01-18,-0.01637000145871947
2022-01-19,-0.0031324295282877225
2022-01-20,-0.006815805096043116
2022-01-21,-0.012892346532157052
2022-01-24,0.002023984460591033
2022-01-25,-0.010522190118778167
2022-01-26,-0.006238489296724992
2022-01-27,-0.002755013486139252
2022-01-28,0.01739885422269914
2022-01-31,0.015053761941672617
2022-02-01,0.003864588137441061
2022-02-02,0.0071384504937089584
2022-02-03,-0.021312436414758707
2022-02-04,0.00231752633925818
2022-02-07,-0.0020550474610817214
2022-02-08,0.005221310487366837
2022-02-09,0.012038426311013073
2022-02-10,-0.016592367718940515
2022-02-11,-0.009994061878356372
2022-02-14,-0.002683795834421077
2022-02-15,0.008971296477498237
2022-02-16,0.003113242630634733
2022-02-17,-0.01244271532905324
2022-02-18,-0.003445968236713553
2022-02-22,-0.0059692530809295095
2022-02-23,-0.015579557021506363
2022-02-24,0.01358482949329945
2022-02-25,0.012349027117974939
2022-02-28,0.005659888747600928
2022-03-01,-0.004883132170906701
2022-03-02,0.0031559885009236122
2022-03-03,-0.002632614352757657
2022-03-04,-0.0010306707280788867
2022-03-07,-0.02030842434938117
2022-03-08,-0.002102959184482745
2022-03-09,0.013307584987453314
2022-03-10,-0.006987887437861284
2022-03-11,-0.010655308923205936
2022-03-14,-0.014655443147013853
2022-03-15,0.013482965843056728
2022-03-16,0.021041996535990468
2022-03-17,0.007273491435455848
2022-03-18,0.010622223660871344
2022-03-21,-0.004297058260847519
2022-03-22,0.0059436795640384074
2022-03-23,-0.0023123584933203664
2022-03-24,0.011108929832420412
2022-03-25,-0.0016439785276685936
2022-03-28,0.005692766143995232
2022-03-29,0.01082811525611349
2022-03-30,-0.002465081951117432
2022-03-31,-0.008711493457081821
2022-04-01,0.0004643881732392553
2022-04-04,0.007910910530057413
2022-04-05,-0.016061776364186865
2022-04-06,-0.010694924272133881
2022-04-07,0.0016711908288671415
2022-04-08,-0.005790580801106094
2022-04-11,-0.015172329112995988
2022-04-12,-0.001662769208242543
2022-04-13,0.010788153663096389
2022-04-14,-0.015202097245468456
2022-04-18,-0.0001727387035432627
2022-04-19,0.008279619771499245
2022-04-20,0.0008167305781419278
2022-04-21,-0.013167507706933047
2022-04-22,-0.02023914968084958
2022-04-25,0.004835000452041077
2022-04-26,-0.018778493019867816
2022-04-27,-0.002873534381555154
2022-04-28,0.020090364765565326
2022-04-29,-0.028643519475322284
2022-05-02,0.0003339830529033085
2022-05-03,0.0038462861104216154
2022-05-04,0.02320963014537748
2022-05-05,-0.03285969343723525
2022-05-06,-0.008081246834798677
2022-05-09,-0.02300109224271815
2022-05-10,0.004508506259859613
2022-05-11,-0.008689577322386543
2022-05-12,-0.0036816776136257556
2022-05-13,0.01465542219024149
2022-05-16,-0.0032969425821145924
2022-05-17,0.011344761742609094
2022-05-18,-0.02405397323660282
2022-05-19,-0.0011058962337294367
2022-05-20,0.0017724440504409968
2022-05-23,0.00904760472870686
2022-05-24,-0.0032942761528152063
2022-05-25,0.006919105093832222
2022-05-26,0.013736829633753094
2022-05-27,0.018546061523111335
2022-05-31,-0.008624004367336747
2022-06-01,-0.00435770813919642
2022-06-02,0.016413495227140494
2022-06-03,-0.015022229844137196
2022-06-06,-0.0022987179395434097
2022-06-07,0.009131197774249533
2022-06-08,-0.00805885050097913
2022-06-09,-0.01602073555801888
2022-06-10,-0.019644470415948075
2022-06-13,-0.03704904994761124
2022-06-14,-0.0044747333535881005
2022-06-15,0.017634521618912588
2022-06-16,-0.020050652867502423
2022-06-17,0.003313263620654794
2022-06-21,0.012425840039736308
2022-06-22,0.005008170608244977
2022-06-23,0.008367582810349501
2022-06-24,0.018365289575702184
2022-06-27,-0.005234031215131591
2022-06-28,-0.015105197589883186
2022-06-29,0.0029101963049421977
2022-06-30,-0.005505758748572754
2022-07-01,0.0078094805282795995
2022-07-05,0.0034252518642133747
2022-07-06,-0.0027804795367186
2022-07-07,0.009663801480678889
2022-07-08,-0.0021659314434200774
2022-07-11,-0.007265632717613414
2022-07-12,-0.005330514782617885
2022-07-13,0.00039529610217952645
2022-07-14,-0.003817330810320979
2022-07-15,0.013001241385413854
2022-07-18,-0.007360753950416904
2022-07-19,0.01777527056776308
2022-07-20,0.005627932622903581
2022-07-21,0.013233783001222112
2022-07-22,-0.004358482404191017
2022-07-25,-0.003305629516724007
2022-07-26,-0.009669248327604735
2022-07-27,0.021355724865433925
2022-07-28,0.010881376581109182
2022-07-29,0.010268912791174601
2022-08-01,0.004331682340495158
2022-08-02,-0.008506929551327586
2022-08-03,0.0165865631475015
2022-08-04,0.0033127866412941518
2022-08-05,-0.009165878427521335
2022-08-08,0.003226381321123145
2022-08-09,-0.004736441630275095
2022-08-10,0.013696278728213091
2022-08-11,-0.006476728574161939
2022-08-12,0.01504710312322034
2022-08-15,0.001565470157056132
2022-08-16,0.0007671099985745889
2022-08-17,-0.008748391746890094
2022-08-18,0.0016675243636148362
2022-08-19,-0.014567848430356118
2022-08-22,-0.016578829478929486
2022-08-23,-0.0012264690093340303
2022-08-24,0.0009834329214600149
2022-08-25,0.013314100894470738
2022-08-26,-0.024102034873454952
2022-08-29,-0.006670767572811847
2022-08-30,-0.007929374088698543
2022-08-31,-0.007567901870396765
2022-09-01,-0.003616506236538319
2022-09-02,-0.005297659682649347
2022-09-06,-0.009134476398762066
2022-09-07,0.01692466678615062
2022-09-08,0.0009588718826431034
2022-09-09,0.012916268862694171
2022-09-12,0.006387308138239356
2022-09-13,-0.03258844438683737
2022-09-14,0.0036197263993597794
2022-09-15,-0.011636024758123304
2022-09-16,-0.005415107257013962
2022-09-19,0.005631235792239154
2022-09-20,-0.009434154417339857
2022-09-21,-0.007407028581568543
2022-09-22,-0.01163316262270737
2022-09-23,-0.012546902729055065
2022-09-26,-0.010558742777768455
2022-09-27,-0.005879463393194207
2022-09-28,0.022657868800118944
2022-09-29,-0.016626735791686255
2022-09-30,-0.012997057330260048
2022-10-03,0.02325001717278875
2022-10-04,0.021845434775452213
2022-10-05,-0.0038071555032641925
2022-10-06,-0.007375202591628094
2022-10-07,-0.02426953090828926
2022-10-10,-0.010942730875395617
2022-10-11,-0.005391286452561234
2022-10-12,0.0003787099449945985
2022-10-13,0.013467648366465683
2022-10-14,-0.020148706067627788
2022-10-17,0.01799158205352304
2022-10-18,0.007468583905829352
2022-10-19,-0.00939730382329133
2022-10-20,-0.00828549593470107
2022-10-21,0.014652146619431072
2022-10-24,0.0055054881328570615
2022-10-25,0.017723127164533503
2022-10-26,-0.004701629633098793
2022-10-27,-0.004825828609994659
2022-10-28,0.01426000333537727
2022-10-31,-0.008446020942097
2022-11-01,-0.0009051834911905475
2022-11-02,-0.02052160597165794
2022-11-03,-0.010652766900104605
2022-11-04,0.011022949457719424
2022-11-07,0.003985081125077283
2022-11-08,0.009631837560024415
2022-11-09,-0.014105156829346861
2022-11-10,0.05269025114671291
2022-11-11,0.008736015870861235
2022-11-14,-0.005752586765898948
2022-11-15,0.01063473427829651
2022-11-16,-0.0024344693878662837
2022-11-17,-0.00497633127841029
2022-11-18,-0.0005846280902011945
2022-11-21,-0.004021681011325018
2022-11-22,0.011997885573042455
2022-11-23,0.009452934567051374
2022-11-25,-0.00228336085808023
2022-11-28,-0.010672912173967286
2022-11-29,-0.004183532088609165
2022-11-30,0.027384779496032262
2022-12-01,0.009159401994194715
2022-12-02,0.000539555530312802
2022-12-05,-0.01676686901159936
2022-12-06,-0.00795937517651314
2022-12-07,0.004367242242020675
2022-12-08,0.005670338265780272
2022-12-09,-0.009253471181008043
2022-12-12,0.008305160121011956
2022-12-13,0.010208758186186094
2022-12-14,-0.003921532989186427
2022-12-15,-0.019852384408201394
2022-12-16,-0.008033759731994144
2022-12-19,-0.010689024746362425
2022-12-20,-0.0007094738620145373
2022-12-21,0.009861727139404197
2022-12-22,-0.013674136135467564
2022-12-23,0.00038086063444711085
2022-12-27,-0.00780206757348273
2022-12-28,-0.010125990056681423
2022-12-29,0.016403969420882358
2022-12-30,-0.0027269043207087617
2023-01-03,0.0016984361336804588
2023-01-04,0.008430905927690423
2023-01-05,-0.009510535449301446
2023-01-06,0.022558666417658902
2023-01-09,0.002793123661631647
2023-01-10,0.0021626570836928653
2023-01-11,0.012531549850428243
2023-01-12,0.008479079648168108
2023-01-13,0.0031975177145563967
2023-01-17,-0.002499984414710621
2023-01-18,-0.005149699310568635
2023-01-19,-0.004239580311101738
2023-01-20,0.010550577419201046
2023-01-23,0.009696344699677305
2023-01-24,0.0024791054006820137
2023-01-25,0.000770610169639685
2023-01-26,0.006981943557832966
2023-01-27,0.0026939602136290043
2023-01-30,-0.011189404413910281
2023-01-31,0.011772272622769553
2023-02-01,0.013890664603059932
2023-02-02,0.011941238490904584
2023-02-03,-0.015429490162907912
2023-02-06,-0.005728687503577302
2023-02-07,0.008944022048564527
2023-02-08,-0.007496675909243372
2023-02-09,-0.008758578199673166
2023-02-10,-0.002659313013374548
2023-02-13,0.009621037613761058
2023-02-14,0.00131601643635596
2023-02-15,-0.00014562677458670458
2023-02-16,-0.013154874597343864
2023-02-17,-0.0007600007658054742
2023-02-21,-0.01839122558110984
2023-02-22,0.0006247507052378589
2023-02-23,0.006186202570380406
2023-02-24,-0.012138523906568933
2023-02-27,0.004295327220187496
2023-02-28,-0.00020957060146257214
2023-03-01,-0.004826987296936852
2023-03-02,0.003318703691904512
2023-03-03,0.018037267095050647
2023-03-06,-0.0017466407560514541
2023-03-07,-0.0105935165162536
2023-03-08,0.0020269680377021757
2023-03-09,-0.009743046186899758
2023-03-10,0.0008489475997642316
2023-03-13,0.005180929542545831
2023-03-14,0.008200006765443774
2023-03-15,0.003842361731485711
2023-03-16,0.012346816843583264
2023-03-17,0.0015110750706384454
2023-03-20,0.0030313230701431992
2023-03-21,0.004272997312311182
2023-03-22,-0.004998270889270646
2023-03-23,0.005926519706031519
2023-03-24,0.002702857555976246
2023-03-27,-0.007051542506789732
2023-03-28,-0.0006331754438702986
2023-03-29,0.009226569662195889
2023-03-30,0.006984632139227509
2023-03-31,0.012009719495451371
2023-04-03,0.002938067575191711
2023-04-04,0.0007278198121851877
2023-04-05,-0.0015441875346422999
2023-04-06,0.00269313161489807
2023-04-10,-0.0040658424499786135
2023-04-11,-0.0001369354831713132
2023-04-12,-0.003311642002611537
2023-04-13,0.010664328220071163
2023-04-14,-0.005933084982471715
2023-04-17,-0.001399924938204916
2023-04-18,0.0015714701726004645
2023-04-19,-0.0010939792677841342
2023-04-20,-0.0017883069397395918
2023-04-21,-0.0020354596675094703
2023-04-24,0.0022869544741464243
2023-04-25,-0.007361636589491698
2023-04-26,-0.003125378777482163
2023-04-27,0.012784599957797972
2023-04-28,0.008405365505154938
2023-05-01,-0.0071311637970738915
2023-05-02,0.0012024384707756412
2023-05-03,-0.001993379309496946
2023-05-04,-0.004636433839399279
2023-05-05,0.009706283518994396
2023-05-08,-0.001892895150222629
2023-05-09,-0.0029900810083497214
2023-05-10,0.0063159736636206115
2023-05-11,0.0009442604704304082
2023-05-12,-0.0033510181788347863
2023-05-15,0.0009833646567742106
2023-05-16,-0.004865859974586795
2023-05-17,0.00677926734827447
2023-05-18,0.0050687545292588615
2023-05-19,-0.0010745925069370387
2023-05-22,-6.160931906771252e-05
2023-05-23,-0.0069022870360584635
2023-05-24,-0.006380346340553084
2023-05-25,0.007607019199675856
2023-05-26,0.01378272450613618
2023-05-30,0.0042130043333706065
2023-05-31,-0.0016654682538042199
2023-06-01,0.008657827403667141
2023-06-02,0.003255623821534165
2023-06-05,-5.97611387858744e-05
2023-06-06,0.0021721154687923128
2023-06-07,-0.010394628316625125
2023-06-08,0.009843735581497882
2023-06-09,0.0009964036595278614
2023-06-12,0.008309957435796368
2023-06-13,0.0014768034924439678
2023-06-14,0.003976936200050374
2023-06-15,0.010913864245084393
2023-06-16,-0.003943169276095399
2023-06-20,-0.0026018814326502823
2023-06-21,-0.005189366112519257
2023-06-22,0.0004918768519532768
2023-06-23,-0.0030947124183115854
2023-06-26,-0.004511957076533457
2023-06-27,0.007472884682415339
2023-06-28,0.0011964284353490286
2023-06-29,-0.0026944492966358537
2023-06-30,0.011933710605820613
2023-07-03,8.346007850223992e-05
2023-07-05,-0.0030316874367475157
2023-07-06,-0.00831177771910987
2023-07-07,-0.0019186220440504497
2023-07-10,0.0014743327104927652
2023-07-11,0.0053728133475030694
2023-07-12,0.01063328195418012
2023-07-13,0.009629199686471246
2023-07-14,-0.0019575979652583344
2023-07-17,0.003929654101782832
2023-07-18,0.007643793040932834
2023-07-19,0.0031149520174890313
2023-07-20,-0.011604628497443531
2023-07-21,-0.0011504937543830474
2023-07-24,0.0008166366626139679
2023-07-25,0.0032466925353398235
2023-07-26,0.00015936972246691214
2023-07-27,-0.009495390599473658
2023-07-28,0.010694306183100388
2023-07-31,0.001777060394900798
2023-08-01,-0.006556620460659096
2023-08-02,-0.013905039087003529
2023-08-03,-0.00621135080361025
2023-08-04,0.001105900833788276
2023-08-07,0.003298527402187501
2023-08-08,-0.002493598237795697
2023-08-09,-0.005102244248754905
2023-08-10,-0.0028471030007043486
2023-08-11,-0.0022875324371963547
2023-08-14,0.004117170885907295
2023-08-15,-0.00892963152136495
2023-08-16,-0.00801363884918855
2023-08-17,-0.006862022229223175
2023-08-18,0.0006107934116914183
2023-08-21,0.004374947332696787
2023-08-22,0.0003416071447742974
2023-08-23,0.014877419819993087
2023-08-24,-0.012240187959737192
2023-08-25,0.005217102032975347
2023-08-28,0.005059015852964621
2023-08-29,0.014784345465887984
2023-08-30,0.003209356852726231
2023-08-31,0.0008085613544733583
2023-09-01,-0.002559166491374382
2023-09-05,-0.005439636905708279
2023-09-06,-0.00507928233288374
2023-09-07,-0.002301042286673466
2023-09-08,0.0017682881445274636
2023-09-11,0.004413242597633183
2023-09-12,-0.004587187911593426
2023-09-13,0.0010297198163575216
2023-09-14,0.004125848313087111
2023-09-15,-0.009328245742732031
2023-09-18,0.002518588847584202
2023-09-19,-0.00298063348482055
2023-09-20,-0.006546127894220433
2023-09-21,-0.017414608094283354
2023-09-22,0.0012254448083707792
2023-09-25,-0.002824831646240095
2023-09-26,-0.01152446752385657
2023-09-27,-0.0021446562086764043
2023-09-28,0.00427145066007692
2023-09-29,-0.002308025560715876
2023-10-02,-0.0029954013562032093
2023-10-03,-0.014477495324435874
2023-10-04,0.009118873186848593
2023-10-05,-0.002159200398471589
2023-10-06,0.007287434210429855
2023-10-09,0.011287641942772542
2023-10-10,0.002938264975439903
2023-10-11,0.008695018963218204
2023-10-12,-0.009190396489274161
2023-10-13,0.003265850995655212
2023-10-16,0.003086632569560621
2023-10-17,-0.0027632241162297176
2023-10-18,-0.008198544219230792
2023-10-19,-0.008107260916939652
2023-10-20,-0.007099394472382027
2023-10-23,0.001957267758096049
2023-10-24,0.008066670342623688
2023-10-25,-0.01568073808778108
2023-10-26,-0.006252163166181835
2023-10-27,0.00028191018068389733
2023-10-30,0.005851662517121726
2023-10-31,0.001912957166525242
2023-11-01,0.012469020327971142
2023-11-02,0.017262062824868
2023-11-03,0.008488014788872733
2023-11-06,-0.0011687831142394077
2023-11-07,0.005829764217420942
2023-11-08,0.0023655501084630885
2023-11-09,-0.009046237435546745
2023-11-10,0.011346106250160061
2023-11-13,-0.0007799009956452497
2023-11-14,0.019013191809943965
2023-11-15,-0.0021671039208458085
2023-11-16,0.004881428273432443
2023-11-17,0.0014766628091746339
2023-11-20,0.007099516515083837
2023-11-21,-0.0007928077519484269
2023-11-22,0.002635131480377406
2023-11-24,-0.0016812915949400433
2023-11-27,0.0034129921093260965
2023-11-28,0.0034452940556185196
2023-11-29,0.002211257531462468
2023-11-30,-0.0019889463227728776
2023-12-01,0.009437548341128877
2023-12-04,-0.008458375785335365
2023-12-05,0.004279073812351658
2023-12-06,0.00015870260774251694
2023-12-07,0.005645297389582115
2023-12-08,-0.0008037724555674922
2023-12-11,0.001611850070252724
2023-12-12,0.004329885773829656
2023-12-13,0.01677215461941548
2023-12-14,0.007148952211772453
2023-12-15,-0.0006028475915312302
2023-12-18,0.00291297221611877
2023-12-19,0.005809522357382558
2023-12-20,-0.0087197986069206
2023-12-21,0.006496729665612256
2023-12-22,0.0009333092706398147
2023-12-26,0.004931166293928169
2023-12-27,0.0054567427298680025
2023-12-28,-0.0022952197688877905
2023-12-29,-0.004278966376062559
2024-01-02,-0.007975023461196013
2024-01-03,-0.0063286027945884
2024-01-04,-0.0054632379711639645
2024-01-05,-0.001044995600353038
2024-01-08,0.011678155312712745
2024-01-09,-0.0013402965115753341
2024-01-10,0.002681845880347111
2024-01-11,0.0017629308695608968
2024-01-12,0.001481601631736029
2024-01-16,-0.006438729501263801
2024-01-17,-0.005602432011088471
2024-01-18,0.006481486359103927
2024-01-19,0.011032205101746607
2024-01-22,0.0017958994640464691
2024-01-23,0.0012040651612768127
2024-01-24,-0.000583945291556831
2024-01-25,0.0043833058120854584
2024-01-26,-0.002484895412591387
2024-01-29,0.00908985710169088
2024-01-30,4.6736902072025416e-05
2024-01-31,-0.009570722276832356
2024-02-01,0.013662392490429952
2024-02-02,0.0026003682530681533
2024-02-05,-0.0066486658669959176
2024-02-06,0.0033980429790579024
2024-02-07,0.004900974760106064
2024-02-08,-0.0006585116684669824
2024-02-09,0.0037870535332305225
2024-02-12,-0.0013111109575587754
2024-02-13,-0.014903750750690987
2024-02-14,0.007287752108954204
2024-02-15,0.005547237210217716
2024-02-16,-0.004867174519824424
2024-02-20,-0.003007045653025553
2024-02-21,-0.0020519045347890284
2024-02-22,0.016637518586616773
2024-02-23,0.0030646630275420255
2024-02-26,-0.0025272463392256197
2024-02-27,-0.00022541034185558092
2024-02-28,-0.00031871387590364793
2024-02-29,0.00576436876010189
2024-03-01,0.011602268180218367
2024-03-04,0.00030082964243999244
2024-03-05,-0.00473365457370647
2024-03-06,0.006003676439832284
2024-03-07,0.00843021852030289
2024-03-08,-0.005096302844752648
2024-03-11,-0.0011012979791550747
2024-03-12,0.004573338694219868
2024-03-13,-0.0024670894624314655
2024-03-14,-0.005118669648363533
2024-03-15,-0.006261989128402857
2024-03-18,0.0043994466969423
2024-03-19,0.0032343814844165487
2024-03-20,0.008386043975057156
2024-03-21,0.0027797537414059937
2024-03-22,0.0002367457303247557
2024-03-25,-0.002533607670508775
2024-03-26,-0.0005069551478661894
2024-03-27,0.00728270429658584
2024-03-28,0.0012287977193858768
2024-04-01,-0.0023636202575419655
2024-04-02,-0.0035870269714023697
2024-04-03,0.0022727543926675977
2024-04-04,-0.008130793510353547
2024-04-05,0.006908105016133591
2024-04-08,0.001209913307125543
2024-04-09,0.004072484058860926
2024-04-10,-0.011965651199405203
2024-04-11,0.009017037278194485
2024-04-12,-0.010423794025205735
2024-04-15,-0.009417101329010918
2024-04-16,-0.0018506619475396446
2024-04-17,-0.004303072701087446
2024-04-18,-0.002745387193531512
2024-04-19,-0.007473474885165161
2024-04-22,0.0021559324864573745
2024-04-23,0.008176017358119774
2024-04-24,-0.0010372144020025953
2024-04-25,-0.0032352620009845233
2024-04-26,0.009181863335223384
2024-04-29,0.003804210797958507
2024-04-30,-0.015749312762958302
2024-05-01,-0.00027298835735548586
2024-05-02,0.007327334805765257
2024-05-03,0.01188695036638831
2024-05-06,0.009225866862446096
2024-05-07,0.001010878183741626
2024-05-08,-0.001762494827044081
2024-05-09,0.006192823505520451
2024-05-10,0.001196193729420103
2024-05-13,-0.0005393244598709766
2024-05-14,0.005841604540045242
2024-05-15,0.013515930527458631
2024-05-16,-0.0021101654419315385
2024-05-17,0.0015802240986065583
2024-05-20,0.0022167218216658014
2024-05-21,0.002281323100476096
2024-05-22,-0.0037169742938877592
2024-05-23,-0.00832484517830726
2024-05-24,0.005742456238107396
2024-05-28,-6.621150307742934e-05
2024-05-29,-0.008378953551492258
2024-05-30,-0.0031143504479112074
2024-05-31,0.00365645624317294
2024-06-03,0.006241087434866211
2024-06-04,0.002120968300404985
2024-06-05,0.01303846230199588
2024-06-06,0.0007149539530213966
2024-06-07,-0.009729122934896932
2024-06-10,0.0022875851779780134
2024-06-11,0.005175886514944716
2024-06-12,0.00846171108738486
2024-06-13,0.0038778523199706648
2024-06-14,0.005165570424374866
2024-06-17,0.0034814035282920318
2024-06-18,0.003529752531330932
2024-06-20,-0.0024729450325870488
2024-06-21,-0.003530078981163165
2024-06-24,-0.002744016508430064
2024-06-25,0.003994138833574617
2024-06-26,-0.0032257769973160766
2024-06-27,0.003770811020041798
2024-06-28,-0.0065788342196087144
2024-07-01,-0.0007717292847484238
2024-07-02,0.006866989664456075
2024-07-03,0.00818694582418895
2024-07-05,0.008591941313030404
2024-07-08,-0.0003718896575901519
2024-07-09,-2.450976313720383e-05
2024-07-10,0.007741757102372393
2024-07-11,-0.004328485170608059
2024-07-12,0.004752918882352069
2024-07-15,-4.333740546264026e-05
2024-07-16,0.008278185605155452
2024-07-17,-0.013601248876043543
2024-07-18,-0.006743082774967135
2024-07-19,-0.00873962570701683
2024-07-22,0.00731460559044056
2024-07-23,-0.0012617096773400395
2024-07-24,-0.020719918187478887
2024-07-25,-0.005548792521463986
2024-07-26,0.010184635391408204
2024-07-29,0.0016020021498613813
2024-07-30,-0.00319161141553187
2024-07-31,0.018662795751166937
2024-08-01,-0.01051123894371842
2024-08-02,-0.007434498291959163
2024-08-05,-0.01994904502350338
2024-08-06,0.0004027890803606273
2024-08-07,-0.0068909809231954625
2024-08-08,0.018017376216650106
2024-08-09,0.005410171339001779
2024-08-12,0.004047494230477955
2024-08-13,0.01393855804515079
2024-08-14,0.001373779944248599
2024-08-15,0.012028602145916023
2024-08-16,0.005276745841659547
2024-08-19,0.007786485884971806
2024-08-20,0.0009689481046633919
2024-08-21,0.0024623755298588458
2024-08-22,-0.010884614938240356
2024-08-23,0.010003987459439468
2024-08-26,-0.0034105230801100114
2024-08-27,0.001355759618643737
2024-08-28,-0.006457944942705185
2024-08-29,-0.00020759136208321486
2024-08-30,0.0035966533078566564
2024-09-03,-0.013199236500731173
2024-09-04,0.0012007720397239964
2024-09-05,0.0016415981983598615
2024-09-06,-0.014559379095438502
2024-09-09,0.009188103931829016
2024-09-10,0.006113517348097797
2024-09-11,0.009134915912459941
2024-09-12,0.007524131286751013
2024-09-13,0.005239850227163257
2024-09-16,0.0013061934130776834
2024-09-17,-0.001501294970468381
2024-09-18,-0.005904374741282543
2024-09-19,0.014815173010368755
2024-09-20,-2.633319895862807e-05
2024-09-23,0.0015284930350352832
2024-09-24,0.004405315260240739
2024-09-25,-0.002520132467095626
2024-09-26,0.0046972860198945315
2024-09-27,-0.002119568284088946
2024-09-30,0.0001273113992136647
2024-10-01,-0.004048751550434976
2024-10-02,-0.0011328751642775139
2024-10-03,-0.002905852883280302
2024-10-04,0.003849792799746143
2024-10-07,-0.008309233150606716
2024-10-08,0.006748244900396505
2024-10-09,0.0027837755697179005
2024-10-10,-0.0006659375045226016
2024-10-11,0.00361527813259267
2024-10-14,0.0052741846640827535
2024-10-15,-0.0034978421282363063
2024-10-16,0.0033622846321202165
2024-10-17,-0.0020628804314010265
2024-10-18,0.004919272122146857
2024-10-21,-0.00370057270876602
2024-10-22,0.001873241888438004
2024-10-23,-0.009835106065696188
2024-10-24,0.005327882304185683
2024-10-25,0.0005714505120941736
2024-10-28,0.0007402166845036805
2024-10-29,0.004988382043214001
2024-10-30,-0.00168683474810139
2024-10-31,-0.016151185966973673
2024-11-01,0.00010290928543741917
2024-11-04,0.0017284336323317997
2024-11-05,0.009426426986148173
2024-11-06,0.006701351398786671
2024-11-07,0.011945906063204448
2024-11-08,0.0035496715007632294
2024-11-11,-0.0042585940817655545
2024-11-12,-0.005988434174684982
2024-11-13,-0.0035367660960819282
2024-11-14,-0.003542694902702975
2024-11-15,-0.011877156658871929
2024-11-18,0.006584124948053904
2024-11-19,0.005545544228702404
2024-11-20,0.0001969288151581927
2024-11-21,0.004142564742681698
2024-11-22,0.0036853437128570366
2024-11-25,0.0025109706410992587
2024-11-26,0.0029452404395025502
2024-11-27,-0.0014612596561149158
2024-11-29,0.008039507150291104
2024-12-02,0.0026062857923888514
2024-12-03,-0.0004717082547943897
2024-12-04,0.00817867176170336
2024-12-05,-0.0020567149202432742
2024-12-06,0.0033483534560770135
2024-12-09,-0.004362070998147516
2024-12-10,-0.0010618923127550866
2024-12-11,0.007107060236686557
2024-12-12,-0.008303625894528377
2024-12-13,-0.002021698538436573
2024-12-16,0.006269498630053816
2024-12-17,-0.002838195306052177
2024-12-18,-0.026319169615529353
2024-12-19,-0.004051347373216901
2024-12-20,0.009691420424080622
2024-12-23,0.002290220388325432
2024-12-24,0.00898057669764295
2024-12-26,0.0007556009606807467
2024-12-27,-0.010204129931466204
2024-12-30,-0.006760788012638453
2024-12-31,-0.0037143339481522097
2025-01-02,0.001115849307455602
2025-01-03,0.0072736568693657095
2025-01-06,0.004098959065637337
2025-01-07,-0.01039307743930235
2025-01-08,0.0016815254464823792
2025-01-10,-0.009918692022434927
2025-01-13,-0.0017460977982832137
2025-01-14,0.0007726433395207122
2025-01-15,0.01759799682112049
2025-01-16,-0.0008386078499943995
2025-01-17,0.007784066686588077
2025-01-21,0.009239742233943481
2025-01-22,0.005169578113686846
2025-01-23,0.0009482884284192307
2025-01-24,-0.0007493596857467092
2025-01-27,-0.012135746032456644
2025-01-28,0.00829447419958428
2025-01-29,-0.0032469651793046064
2025-01-30,0.006234231939520219
2025-01-31,-0.00350868406343085
2025-02-03,-0.002263642126998944
2025-02-04,0.007841902465190254
2025-02-05,0.0069897551045806534
2025-02-06,0.0022086584771543512
2025-02-07,-0.00783815326604128
2025-02-10,0.007678534063724285
2025-02-11,-0.0021196029566963037
2025-02-12,-0.0036987008237403976
2025-02-13,0.01262338752449963
2025-02-14,-0.00014065001006470228
2025-02-18,0.0018695744407995372
2025-02-19,0.0013443228668746587
2025-02-20,-0.0018995920004512335
2025-02-21,-0.00975161681843723
2025-02-24,-0.003376529933541455
2025-02-25,-0.0036679782854786625
2025-02-26,0.0022161396948767176
2025-02-27,-0.017027196342579924
2025-02-28,0.011703452997564536
2025-03-03,-0.009568261448886029
2025-03-04,-0.006647450472364118
2025-03-05,0.006273474243819954
2025-03-06,-0.015401441313239228
2025-03-07,0.003516968987929148
2025-03-10,-0.019570416353943947
2025-03-11,-0.003591338979928921
2025-03-12,0.004400106383764969
2025-03-13,-0.005408113301404905
2025-03-14,0.013305914101147688
2025-03-17,0.006515576135711288
2025-03-18,-0.006635731430100301
2025-03-19,0.009354046081576107
2025-03-20,-0.002064542479390724
2025-03-21,-0.001435095475487158
2025-03-24,0.009930957819487137
2025-03-25,0.0030258832369710496
2025-03-26,-0.01081402661078576
2025-03-27,-0.001058959006665583
2025-03-28,-0.010758786938745601
2025-03-31,0.006803709000183284
2025-04-01,0.004581370674468866
2025-04-02,0.004532609933301124
2025-04-03,-0.033082641250709366
2025-04-04,-0.04027586549143602
2025-04-07,-0.009363240277502067
2025-04-08,-0.01372633021434946
2025-04-09,0.07874123968801694
2025-04-10,-0.030010839510846276
2025-04-11,0.015693633860597855
2025-04-14,0.006146441028771659
2025-04-15,0.0006515697206355809
2025-04-16,-0.010432550049886354
2025-04-17,-0.0018993951839530732
2025-04-21,-0.014563280982559062
2025-04-22,0.01595698276848169
2025-04-23,0.01021350071957529
2025-04-24,0.019744528255895843
2025-04-25,0.005524128976882819
2025-04-28,0.0034694945858087687
2025-04-29,0.004386895233015786
2025-04-30,-0.002613678174147327
2025-05-01,0.001969893434557263
2025-05-02,0.0077460703220380575
2025-05-05,-0.0004137397141740053
2025-05-06,-0.0008003587205461798
2025-05-07,0.001260179427906755
2025-05-08,0.0001843841539953147
2025-05-09,0.0007137829441113407
2025-05-12,0.01731451314975735
2025-05-13,0.006278910559505313
2025-05-14,-0.002473503683761191
2025-05-15,0.006381141319455952
2025-05-16,0.0023431064557079503
2025-05-19,0.0020299798275003945
2025-05-20,-0.000825841816131046
2025-05-21,-0.012525740850389145
2025-05-22,0.0003445041023244612
2025-05-23,-0.0014278516323040337
2025-05-27,0.014446371036133944
2025-05-28,-0.004625261047010248
2025-05-29,0.004810214072841313
2025-05-30,-0.0015265689245345325
2025-06-02,0.006353645230210403
2025-06-03,0.0025546814343731963
2025-06-04,0.004802534734532749
2025-06-05,-0.004433424984490164
2025-06-06,0.001994238936107262
2025-06-09,0.0016471087635577808
2025-06-10,0.004995319103429986
2025-06-11,-0.0005658932217959215
2025-06-12,0.00643125760463631
2025-06-13,-0.007572833954154213
2025-06-16,0.0031287855598815806
2025-06-17,-0.003345065923956853
2025-06-18,-0.0005637711638151965
2025-06-20,-0.002392447416298316
2025-06-23,0.007628520653775696
2025-06-24,0.0073361481613128
2025-06-25,0.0015705949012358666
2025-06-26,0.006306592454687182
2025-06-27,-0.0011487109343297551
2025-06-30,0.007297526556046607
2025-07-01,-0.00040245966538057776
2025-07-02,0.003113155272809642
2025-07-03,0.003196156824028907
2025-07-07,-0.006660448672026238
2025-07-08,-0.0019005689486441546
2025-07-09,0.006931361269172687
2025-07-10,0.0012404781436689161
2025-07-11,-0.0032875028130422927
2025-07-14,0.0007020994052227113
2025-07-15,-0.0035051382347129293
2025-07-16,0.0026237979634810894
2025-07-17,0.004097967252775531
2025-07-18,0.00016243075659362334
2025-07-21,0.006143312047676153
2025-07-22,0.0013954370185809083
2025-07-23,0.0015734867817648551
2025-07-24,-0.0006018405943459594
2025-07-25,0.0021613598808349066
2025-07-28,-0.0015860199445973833
2025-07-29,0.0023474705820309806
2025-07-30,-0.0037905041299929163
2025-07-31,-0.0017133079930829636
2025-08-01,-0.005592634701336274
2025-08-04,0.012112917227789243
2025-08-05,-0.0029915889049504318
2025-08-06,0.004736799248678282
2025-08-07,0.0014351458537915417
2025-08-08,0.004550640141204593
2025-08-11,-0.003457791257791465
2025-08-12,0.006257409024693667
2025-08-13,0.003607841717443783
2025-08-14,-0.002590232504098916
2025-08-15,-0.0033729325375105815
2025-08-18,-0.0009996251004468827
2025-08-19,-0.005222100898707783
2025-08-20,-0.0005902859145186731
2025-08-21,-0.004273050336247819
2025-08-22,0.013086904308630066
2025-08-25,-0.003418229170697234
2025-08-26,0.0036526933737543008
2025-08-27,0.0013678731727531646
2025-08-28,0.005410082262868998
2025-08-29,-0.00525364805352962
2025-09-02,-0.0030010246352404624
2025-09-03,0.00750502829401919
2025-09-04,0.006467797729658781
2025-09-05,0.004253458601529114
2025-09-08,0.006575292460069515
2025-09-09,0.00015592458139038198
2025-09-10,0.002920055992451454
2025-09-11,0.005892659708629106
2025-09-12,0.000402852841564516
2025-09-15,0.006296434565421461
2025-09-16,-3.953262515749012e-05
2025-09-17,-0.002662407824762408
2025-09-18,0.0014583740598671398
2025-09-19,0.004883371746725063
2025-09-22,0.005249530487867538
2025-09-23,-0.0018272304409672592
2025-09-24,-0.0042710150114472385
2025-09-25,-0.0022984143526385116
2025-09-26,0.004005450356462437
2025-09-29,0.0063986244569572024
2025-09-30,0.00289241279556085
2025-10-01,0.003315086558202862
2025-10-02,0.0015483706015795298
2025-10-03,-0.00023302281230140883
2025-10-06,0.004550158230248902
2025-10-07,-0.0008751830848302448
2025-10-08,0.007881789752726876
2025-10-09,-0.004386088267816707
2025-10-10,-0.014745617335432433
2025-10-13,0.014977731762536793
2025-10-14,-0.000442352712036076
2025-10-15,0.005699679304923533
2025-10-16,0.0013583146789042262
2025-10-17,0.0007831635876528251
2025-10-20,0.013538183518285285
2025-10-21,-0.008728611968976218
2025-10-22,-0.004341739187145415
2025-10-23,0.003705341596136181
2025-10-24,0.0055231212854028044
2025-10-27,0.005673276520088699
2025-10-28,0.002432929210175178
2025-10-29,-0.001271523636626626
2025-10-30,-0.006438681671807485
2025-10-31,0.0011071287169809542
2025-11-03,0.0017156667419800488
2025-11-04,-0.01199787042795568
2025-11-05,0.0025685802911565303
2025-11-06,-0.0073300252564614645
2025-11-07,9.949206710029857e-05
2025-11-10,0.01582927682285209
2025-11-11,0.0017561450884730657
2025-11-12,0.002797877339022242
2025-11-13,-0.014596352779427406
2025-11-14,-0.0037248661748340572
2025-11-17,-0.007086119547395281
2025-11-18,-0.005380659633032569
2025-11-19,0.0028780159806951473
2025-11-20,-0.01127125187980624
2025-11-21,0.006235772363070424
2025-11-24,0.015797002993946655
2025-11-25,0.005767000693895048
2025-11-26,0.007056615312731073
2025-11-28,0.005125012027080722
2025-12-01,-0.004432536834053929
2025-12-02,0.00182149996863471
2025-12-03,0.002419605463251945
2025-12-04,-0.0009210651618330625
2025-12-05,0.0005860223007627339
2025-12-08,-0.0027349879411481923
2025-12-09,0.0009385045768162014
2025-12-10,0.005088607299460924
2025-12-11,0.0014659438166035375
2025-12-12,-0.010168906111123161
2025-12-15,-0.0015852298359903929
2025-12-16,0.0005350939869972148
2025-12-17,-0.007929505724656779
2025-12-18,0.00732923111404254
2025-12-19,0.0063071145754970085
2025-12-22,0.006718522990645581
2025-12-23,0.005307369819477559
2025-12-24,0.0027297648521344533
2025-12-26,0.0010361155366430785
2025-12-29,-0.008412714443746144
2025-12-30,-0.0014360239348709116
2025-12-31,-0.007593651989142026
2026-01-02,0.000696276413693031
2026-01-05,0.009584940342997594
2026-01-06,0.005785848590870746
2026-01-07,-0.0013140447603964046
2026-01-08,-0.001636899426596761
2026-01-09,0.007549711554126515
2026-01-12,0.0030526315356485755
2026-01-13,-0.0010414494966783816
2026-01-14,-0.0019420400824036292
2026-01-15,0.00102475029612325
2026-01-16,-0.0024220126594952985
2026-01-20,-0.010398692280792933
2026-01-21,0.011704759040179025
2026-01-22,0.007546436178566051
2026-01-23,0.0035436324301682197
2026-01-26,0.006280972712934619
2026-01-27,0.00629478022246317
2026-01-28,0.006148006571239628
2026-01-29,-0.0018379800395895596
2026-01-30,-0.02072560744178828
2026-02-02,-0.002873736443241176
2026-02-03,0.0028002158102907564
2026-02-04,-0.00691763771340706
2026-02-05,-0.010416867652342282
2026-02-06,0.01770539138319539
2026-02-09,0.007608492419783131
2026-02-10,-0.001393672935002804
2026-02-11,0.001212849655783499
2026-02-12,-0.013816244280722095
2026-02-13,0.005644694475262435
2026-02-17,-0.003953287591864796
2026-02-18,0.006498707573136908
2026-02-19,-0.0013924092529876643
2026-02-20,0.007593535117432549
2026-02-23,-0.002332813431531678
2026-02-24,0.0038705360159821626
2026-02-25,0.006644745522951195
2026-02-26,-0.0031506983252776624
2026-02-27,0.0004672902712413217
2026-03-02,0.000486338790553342
2026-03-03,-0.013295683720679862
2026-03-04,0.007179497730610385
2026-03-05,-0.005593742164960352
2026-03-06,-0.007372131638554886
2026-03-09,0.008273317756165112
2026-03-10,-0.0010761001951625439
2026-03-11,-0.003626162839129721
2026-03-12,-0.01370309621833012
2026-03-13,-0.006675197817925449
2026-03-16,0.008290046991314453
2026-03-17,0.002444799075788423
2026-03-18,-0.014932618439119978
2026-03-19,-0.006739143455648494
2026-03-20,-0.018732993970255372
2026-03-23,0.0049854905089159575
2026-03-24,-0.003898251092953331
2026-03-25,0.010316389483785594
2026-03-26,-0.020430785824443777
2026-03-27,-0.007532539920939025
2026-03-30,-0.0006292253862805852
2026-03-31,0.02556722724794587
2026-04-01,0.008530208702255859
2026-04-02,-0.0010056582892644492
2026-04-06,0.0024576813245271055
2026-04-07,0.0016502753437137806
2026-04-08,0.019212063729075746
2026-04-09,0.004659336235041012
2026-04-10,-0.0006557616010798296
2026-04-13,0.006488473931564665
2026-04-14,0.013826070802274238
2026-04-15,0.004224479806485021
2026-04-16,0.00079078565805355
2026-04-17,0.011930521408125516
2026-04-20,-0.002931287075420813
2026-04-21,-0.008920350575007636
2026-04-22,0.010612890842814781
2026-04-23,-0.004852839328401349
2026-04-24,0.009020390040504579
2026-04-27,-0.0013341782146436497
2026-04-28,-0.007036424302908845
2026-04-29,-0.0016847633099826287
2026-04-30,0.008370756770053011
2026-05-01,0.004052684800860668
2026-05-04,-0.006457134248479779
2026-05-05,0.008846472234191338
2026-05-06,0.01682594758346031
2026-05-07,-0.002273132021329427
2026-05-08,0.010892951813003348
2026-05-11,0.0007312579592188783
2026-05-12,-0.004652407244839213
2026-05-13,0.0035894784727570463
2026-05-14,0.004071294083899729
2026-05-15,-0.01503419670013173
2026-05-18,-0.001186277374740602
2026-05-19,-0.007981672664618949
2026-05-20,0.012535232805013608
2026-05-21,0.0018615612271644323
2026-05-22,0.002584846539672625
2026-05-26,0.00815141003443779
2026-05-27,-0.001879732171398407
2026-05-28,0.006917660952902537
2026-05-29,0.0035450372377272225
2026-06-01,0.0005896986096753709
2026-06-02,0.002367139150640063
2026-06-03,-0.005739721693997846
2026-06-04,0.001997931409495446
2026-06-05,-0.028835056969695783
2026-06-08,0.0041650095985567796
2026-06-09,-0.005319740723230354
2026-06-10,-0.018082604685673232
2026-06-11,0.02253590929832987
2026-06-12,0.0032313619758305486
2026-06-15,0.01867489599214813
2026-06-16,-0.005630851695806721
2026-06-17,-0.010594306887918714
2026-06-18,0.010826864085293514
2026-06-22,-0.0043882465768396
2026-06-23,-0.016621001628734318
2026-06-24,-0.003040983653077894
2026-06-25,0.003987104723350787
2026-06-26,-0.004617502399846762
2026-06-29,0.010982092055842657
2026-06-30,0.0049313749151373544
2026-07-01,-0.004801404519680907
2026-07-02,-0.001834694518161073
2026-07-06,0.008522837232763402
2026-07-07,-0.010459787823844168
2026-07-08,-0.002184846112179256
2026-07-09,0.009349050602009402
2026-07-10,0.001983451848808404
2026-07-13,-0.012922204774870088
2026-07-14,0.006525776479809998
2026-07-15,0.0013692633436862892
2026-07-16,-0.009325850246719208
2026-07-17,-0.005562066824815653
2026-07-20,-0.002203819273238822
2026-07-21,0.01036707203854178
2026-07-22,-0.0005427132344869691
2026-07-23,-0.0133396818357717
2026-07-24,-0.0020406102888724854
2026-07-27,0.0016180227995243436
2026-07-28,-0.002407942911612121
2026-07-29,-0.01385327939495401
2026-07-30,0.017286852538489106
2026-07-31,0.0009402007291560599
2026-08-03,0.010814619745055022
2026-08-04,0.018225276799620327
2026-08-05,0.003579761340024739
2026-08-06,-0.0027078053121542822
2026-08-07,0.009346804962348743
2026-08-10,-0.0010253834480969171
2026-08-11,-0.002389257090246949
2026-08-12,0.0041154813483652904
2026-08-13,0.0046436946365187365
2026-08-14,-0.0015178007952303175
2026-08-17,-0.002485215376222527
2026-08-18,-0.008741031071820449
2026-08-19,0.009426327572193593
2026-08-20,-0.006281387583640325
2026-08-21,0.00474064646046114
2026-08-24,-0.0012473486170131776
2026-08-25,0.005525335044216629
2026-08-26,-0.0024551410420286745
2026-08-27,0.0060916412814001515
2026-08-28,-0.007998056845012973
2026-08-31,-0.0021218149462684356
2026-09-01,-0.01103020508584226
2026-09-02,0.0048152136299102755
2026-09-03,0.010222462811749534
2026-09-04,-0.0020126603510734363
2026-09-08,-0.0050295806653403614
2026-09-09,-0.0023538438916362262
2026-09-10,-0.009981396549561383
2026-09-11,0.006728206749614285
2026-09-14,-0.005860237881251739
2026-09-15,-0.0035138809987157902
2026-09-16,-0.0021959899664683257
2026-09-17,0.013623833447265143
2026-09-18,0.0018564148672307712
2026-09-21,0.013717783634936403
